,Brand & manufacturing Year,Model,Driven Kilometers,Fuel,No of Owners,Location,Price
0,Maruti Suzuki Swift (2019),,24000.0 KM,PETROL,1st,"Kozhikode, Vadakara, Kerala","? 7,50,000"
1,Maruti Suzuki Swift (2013),2011-2014 LDI,82000.0 KM,DIESEL,1st,"New Sanganer Road, Jaipur, Rajasthan","? 3,75,000"
2,Ford Ecosport (2013),1.5 Diesel Titanium,98102.0 KM,DIESEL,1st,"Vishwa Nagar, Jaipur, Rajasthan","? 4,62,000"
3,Maruti Suzuki Swift (2013),2011-2014 LDI,82000.0 KM,DIESEL,1st,"New Sanganer Road, Jaipur, Rajasthan","? 3,75,000"
4,Honda Jazz (2018),V,19691.0 KM,PETROL,1st,"Nirman Nagar, Jaipur, Rajasthan","? 6,25,000"
5,Mg Hector (2020),Sharp Diesel MT,48262.0 KM,DIESEL,1st,"Nirman Nagar, Jaipur, Rajasthan","? 17,91,000"
6,Renault Fluence (2011),2009-2013 Diesel E4,84000.0 KM,DIESEL,1st,"Vaishali Nagar, Jaipur, Rajasthan","? 3,75,000"
7,Honda City (2008),2011-2013 1.5 S AT,"95,000 KM",PETROL,4th,"Mahesh Nagar, Jaipur, Rajasthan","? 2,65,000"
8,Chevrolet Tavera Neo (2016),SS D1 8 Seats BSIII,"115,000 KM",DIESEL,2nd,"Gopalbari, Jaipur, Rajasthan","? 5,55,000"
9,Maruti Suzuki Wagon R 1.0 (2010),1.0 VXi,50000.0 KM,PETROL,3rd,"Raja Park, Jaipur, Rajasthan","? 2,25,000"
10,Toyota Innova (2016),2.5 G (Diesel) 8 Seater BS-IV,87000.0 KM,DIESEL,1st,"New Sanganer Road, Jaipur, Rajasthan","? 8,30,000"
11,Hyundai I10 (2011),Era,57000.0 KM,PETROL,1st,"Raja Park, Jaipur, Rajasthan","? 2,25,000"
12,Maruti Suzuki Swift Dzire (2013),,61000.0 KM,DIESEL,--,"Raja Park, Jaipur, Rajasthan","? 4,25,000"
13,Honda City (2018),2015-2017 i VTEC SV,19300.0 KM,PETROL,1st,"Ajmer Road, Jaipur, Rajasthan","? 8,25,000"
14,Honda City (2014),2014-2015 i DTEC S,124000.0 KM,DIESEL,1st,"New Sanganer Road, Jaipur, Rajasthan","? 5,25,000"
15,Maruti Suzuki Swift Dzire (2015),VXI,78000.0 KM,PETROL,1st,"Jaman Nagar, Jaipur, Rajasthan","? 5,45,000"
16,Chevrolet Spark (2008),1.0 LS,65000.0 KM,PETROL,3rd,"Everest Vihar, Jaipur, Rajasthan","? 1,00,000"
17,Nissan Sunny (2012),Diesel XV,"145,000 KM",DIESEL,1st,"Vaishali Nagar, Jaipur, Rajasthan","? 3,55,000"
18,Hyundai Verna (2015),Fluidic 1.6 CRDi SX Opt,89000.0 KM,DIESEL,1st,"Vaishali Nagar, Jaipur, Rajasthan","? 6,65,000"
19,Hyundai Verna (2018),CRDi 1.6 SX,74000.0 KM,DIESEL,1st,"Vaishali Nagar, Jaipur, Rajasthan","? 11,50,000"
20,Mercedes-Benz E-Class (2018),220 CDI,43000.0 KM,DIESEL,1st,"Civil Lines, Jaipur, Rajasthan","? 47,00,000"
21,Land Rover Range Rover Evoque (2019),HSE,21000.0 KM,DIESEL,1st,"Civil Lines, Jaipur, Rajasthan","? 46,00,000"
22,Mercedes-Benz Cla (2018),200 CDI Sport,20000.0 KM,DIESEL,1st,"Civil Lines, Jaipur, Rajasthan","? 27,50,000"
23,Bmw X1 (2021),sDrive 20d xLine,2000.0 KM,DIESEL,1st,"Civil Lines, Jaipur, Rajasthan","? 41,75,000"
24,Hyundai I20 (2018),1.2 Magna Executive,40000.0 KM,PETROL,1st,"Vaishali Nagar, Jaipur, Rajasthan","? 5,75,000"
25,Hyundai I20 (2016),2015-2017 Magna 1.2,29592.0 KM,PETROL,1st,"Nirman Nagar, Jaipur, Rajasthan","? 5,40,000"
26,Nissan Micra (2012),2010-2012 Diesel XV Premium,68000.0 KM,DIESEL,2nd,"Raja Park, Jaipur, Rajasthan","? 2,10,000"
27,Skoda Octavia (2014),2.0 TDI AT L K,115000.0 KM,DIESEL,1st,"Mansarovar, Jaipur, Rajasthan","? 8,49,000"
28,Chevrolet Beat (2012),2010-2013 Diesel,78000.0 KM,DIESEL,2nd,"Mansarovar, Jaipur, Rajasthan","? 1,49,000"
29,Hyundai Grand I10 (2019),Sportz 1.2 Kappa VTVT,11000.0 KM,PETROL,1st,"Raja Park, Jaipur, Rajasthan","? 5,25,000"
30,Maruti Suzuki Wagon R (2018),AMT VXI,13600.0 KM,PETROL,1st,"Nirman Nagar, Jaipur, Rajasthan","? 4,90,000"
31,Mahindra Tuv 300 (2016),T6 PLUS,98200.0 KM,DIESEL,1st,"Nirman Nagar, Jaipur, Rajasthan","? 6,90,000"
32,Bmw 5 Series (2008),2010-2013 520d Sedan,81000.0 KM,DIESEL,2nd,"Bandra West, Mumbai, Maharashtra","? 9,50,000"
33,Bmw 5 Series (2010),2010-2013 520d Sedan,53000.0 KM,DIESEL,1st,"Juhu Tara Road, Mumbai, Maharashtra","? 7,91,000"
34,Bmw 3 Series (1989),,2000.0 KM,--,--,"Bandra West, Mumbai, Maharashtra","? 20,000"
35,Bmw 3 Series (1983),320d,2000.0 KM,PETROL,1st,"Bandra West, Mumbai, Maharashtra","? 15,000"
36,Bmw 5 Series (2008),530i Sedan,20000.0 KM,PETROL,2nd,"Mahalakshmi, Mumbai, Maharashtra","? 7,90,000"
37,Bmw 7 Series (2011),740Li Sedan,64000.0 KM,PETROL,2nd,"Andheri West, Mumbai, Maharashtra","? 17,50,000"
38,Bmw 5 Series (2010),523i Sedan,69000.0 KM,PETROL,2nd,"Andheri West, Mumbai, Maharashtra","? 10,25,000"
39,Bmw 3 Series (2016),320d Sedan,85000.0 KM,DIESEL,1st,"Andheri West, Mumbai, Maharashtra","? 15,95,000"
40,Maruti Suzuki Ertiga (2017),SHVS ZDI Plus,46359.0 KM,DIESEL,1st,"Teen Hath Naka, Thane, Maharashtra","? 8,75,000"
41,Bmw 5 Series (2008),530i Sedan,20000.0 KM,PETROL,2nd,"Vashi, Navi Mumbai, Maharashtra","? 7,90,000"
42,Bmw 5 Series (2008),525i Sedan,82000.0 KM,PETROL,3rd,"Gulmohar Road, Mumbai, Maharashtra","? 4,95,000"
43,Bmw 7 Series (2018),730Ld Sedan,25115.0 KM,DIESEL,2nd,"Andheri East, Mumbai, Maharashtra","? 72,00,000"
44,Bmw 7 Series (2009),750Li Sedan,27000.0 KM,PETROL,1st,"Mahalakshmi, Mumbai, Maharashtra","? 18,50,000"
47,Bmw 7 Series (2011),740Li Sedan,64000.0 KM,PETROL,2nd,"Mahalakshmi, Mumbai, Maharashtra","? 16,50,000"
48,Bmw 5 Series (2017),530i Sedan,22000.0 KM,PETROL,1st,"Mahalakshmi, Mumbai, Maharashtra","? 43,75,000"
49,Bmw 5 Series (2010),530d Highline Sedan,85000.0 KM,DIESEL,1st,"Versova, Mumbai, Maharashtra","? 12,30,000"
50,Bmw 5 Series (2010),530d Highline Sedan,85000.0 KM,DIESEL,1st,"Versova, Mumbai, Maharashtra","? 12,30,000"
51,Bmw 7 Series (2009),750Li Sedan,27000.0 KM,PETROL,1st,Not Available,"? 18,50,000"
52,Bmw 5 Series (2010),523i Sedan,69000.0 KM,PETROL,2nd,"Andheri West, Mumbai, Maharashtra","? 10,25,000"
53,Bmw 7 Series (2011),740Li Sedan,64000.0 KM,PETROL,2nd,"Vashi, Navi Mumbai, Maharashtra","? 17,50,000"
54,Bmw 5 Series (2008),530i Sedan,20000.0 KM,PETROL,2nd,Not Available,"? 7,90,000"
55,Bmw 5 Series (2007),523i Sedan,44000.0 KM,PETROL,3rd,"Malad West, Mumbai, Maharashtra","? 4,75,000"
56,Bmw 5 Series (2007),523i Sedan,44000.0 KM,PETROL,3rd,"Malad West, Mumbai, Maharashtra","? 4,75,000"
57,Bmw 3 Series (2012),320d Sedan,78000.0 KM,DIESEL,1st,"Vashi, Navi Mumbai, Maharashtra","? 10,50,000"
58,Bmw 5 Series (2012),525d Sedan,109000.0 KM,DIESEL,1st,"Grant Road Area, Mumbai, Maharashtra","? 14,00,000"
59,Bmw 7 Series (2010),730Ld Sedan,41000.0 KM,DIESEL,2nd,"Vashi, Navi Mumbai, Maharashtra","? 15,50,000"
60,Bmw 7 Series (2009),750Li Sedan,27000.0 KM,PETROL,1st,"Vashi, Navi Mumbai, Maharashtra","? 18,50,000"
61,Bmw 3 Series (2010),320d Sedan,120000.0 KM,DIESEL,3rd,"Mulund West, Mumbai, Maharashtra","? 5,45,000"
62,Bmw 5 Series (2010),523i Sedan,69000.0 KM,PETROL,2nd,"Vashi, Navi Mumbai, Maharashtra","? 10,25,000"
63,Bmw 3 Series (2010),320d Sedan,120000.0 KM,DIESEL,3rd,"Thane West, Thane, Maharashtra","? 5,45,000"
64,Bmw 7 Series (2009),750Li Sedan,27000.0 KM,PETROL,1st,"Thane West, Thane, Maharashtra","? 18,50,000"
65,Bmw 7 Series (2011),740Li Sedan,64000.0 KM,PETROL,2nd,"Thane West, Thane, Maharashtra","? 17,50,000"
66,Bmw 5 Series (2013),525d Sedan,50000.0 KM,DIESEL,1st,"Ulhasnagar, Thane, Maharashtra","? 19,00,000"
67,Hyundai Xcent (2019),1.2 VTVT E,"10,000 KM",CNG & HYBRIDS,1st,"Dombivli East, Mumbai, Maharashtra","? 15,000"
68,Bmw 7 Series (2010),730Ld Sedan,41000.0 KM,DIESEL,2nd,"Thane West, Thane, Maharashtra","? 15,50,000"
69,Bmw 7 Series (2010),730Ld Sedan,41000.0 KM,DIESEL,2nd,"Thane West, Thane, Maharashtra","? 15,50,000"
70,Bmw 5 Series (2008),530i Sedan,20000.0 KM,PETROL,2nd,"Baner, Pune, Maharashtra","? 7,90,000"
71,Honda City (2008),Others,98000.0 KM,PETROL,1st,"Old Panvel, Navi Mumbai, Maharashtra","? 1,99,000"
72,Toyota Etios (2015),1.5 G,66000.0 KM,PETROL,1st,"Old Panvel, Navi Mumbai, Maharashtra","? 4,50,000"
73,Maruti Suzuki Swift (2012),VDI,56423.0 KM,DIESEL,1st,"Ulwe, Navi Mumbai, Maharashtra","? 3,98,000"
74,Mahindra Thar (2021),DI 4X2,1.0 KM,DIESEL,1st,"Old Panvel, Navi Mumbai, Maharashtra","? 80,000"
75,Tata Harrier (2021),XT,1.0 KM,DIESEL,1st,"Old Panvel, Navi Mumbai, Maharashtra","? 90,000"
76,Hyundai I20 (2021),Petrol Magna Era,1.0 KM,PETROL,1st,"Ulwe, Navi Mumbai, Maharashtra","? 51,000"
77,Bmw X1 (2008),Others,71355.0 KM,DIESEL,2nd,"Ulwe, Navi Mumbai, Maharashtra","? 6,90,000"
78,Maruti Suzuki Vitara Brezza (2017),ZDi,89240.0 KM,DIESEL,1st,"Ulwe, Navi Mumbai, Maharashtra","? 7,40,000"
79,Jeep Compass (2018),1.4 Limited,"25,128 KM",PETROL,2nd,"Kundevahal Village, Navi Mumbai, Maharashtra","? 16,25,000"
80,Toyota Innova Crysta (2018),2.8 ZX AT,52280.0 KM,DIESEL,1st,"Ulwe, Navi Mumbai, Maharashtra","? 19,35,000"
81,Hyundai I20 (2021),Petrol Magna Era,1.0 KM,PETROL,1st,"Ulwe, Navi Mumbai, Maharashtra","? 51,000"
82,Bmw X1 (2008),Others,71355.0 KM,DIESEL,2nd,"Ulwe, Navi Mumbai, Maharashtra","? 6,90,000"
83,Maruti Suzuki Vitara Brezza (2017),ZDi,89240.0 KM,DIESEL,1st,"Ulwe, Navi Mumbai, Maharashtra","? 7,40,000"
84,Jeep Compass (2018),1.4 Limited,"25,128 KM",PETROL,2nd,"Kundevahal Village, Navi Mumbai, Maharashtra","? 16,25,000"
85,Toyota Innova Crysta (2018),2.8 ZX AT,52280.0 KM,DIESEL,1st,"Ulwe, Navi Mumbai, Maharashtra","? 19,35,000"
86,Hyundai I10 (2013),Sportz 1.2 KAPPA VTVT,"77,000 KM",PETROL,2nd,"Wahal Village, Navi Mumbai, Maharashtra","? 2,30,000"
87,Volkswagen Passat (2012),2010-2014 Diesel Highline 2.0 TDI,58667.0 KM,DIESEL,1st,"Ulwe, Navi Mumbai, Maharashtra","? 5,75,000"
88,Maruti Suzuki Sx4 (2007),2007-2012 ZDI,"92,853 KM",CNG & HYBRIDS,2nd,"Ulwe, Navi Mumbai, Maharashtra","? 1,85,259"
89,Renault Lodgy (2017),85PS RxL,47503.0 KM,DIESEL,1st,"Ulwe, Navi Mumbai, Maharashtra","? 5,50,000"
90,Maruti Suzuki A-Star (2012),Vxi,2372.0 KM,PETROL,1st,"Ulwe, Navi Mumbai, Maharashtra","? 2,30,000"
91,Honda City (2018),i-VTEC VX,"22,000 KM",PETROL,1st,"Ulwe, Navi Mumbai, Maharashtra","? 10,50,000"
92,Honda City (2002),1997-2006 1.5 EXI,"188,291 KM",PETROL,3rd,"Old Panvel, Navi Mumbai, Maharashtra","? 80,000"
93,Ford Ecosport (2019),S Diesel,"71,000 KM",DIESEL,1st,"Kundevahal Village, Navi Mumbai, Maharashtra","? 11,00,000"
94,Maruti Suzuki Swift (2012),VXI,63221.0 KM,PETROL,1st,"Ulwe, Navi Mumbai, Maharashtra","? 3,50,000"
95,Mercedes-Benz E-Class (2007),E350 Petrol,95503.0 KM,PETROL,3rd,"Ulwe, Navi Mumbai, Maharashtra","? 6,50,000"
96,Volkswagen Polo (2013),1.2 MPI Comfortline,65503.0 KM,CNG & HYBRIDS,--,"Ulwe, Navi Mumbai, Maharashtra","? 3,00,000"
97,Chevrolet Spark (2010),1.0 LS,84000.0 KM,PETROL,1st,"Old Panvel, Navi Mumbai, Maharashtra","? 1,25,000"
98,Maruti Suzuki Wagon R (2015),2010-2012 LXI BS IV,"110,000 KM",CNG & HYBRIDS,1st,"Ulwe, Navi Mumbai, Maharashtra","? 2,20,000"
99,Honda City (2004),2003-2005 1.5 GXI,"89,988 KM",CNG & HYBRIDS,1st,"Ulwe, Navi Mumbai, Maharashtra","? 77,000"
100,Tata Indigo (2010),XL CR4,"10,000 KM",DIESEL,2nd,"Ulwe, Navi Mumbai, Maharashtra","? 2,00,000"
101,Hyundai Accent (2010),Executive Edition,"68,000 KM",PETROL,2nd,"Wahal Village, Navi Mumbai, Maharashtra","? 1,10,000"
102,Maruti Suzuki Swift Dzire Tour (2016),Others,"170,000 KM",DIESEL,2nd,"Ulwe, Navi Mumbai, Maharashtra","? 2,00,000"
103,Maruti Suzuki Swift (2017),VXI,56103.0 KM,PETROL,1st,"Ulwe, Navi Mumbai, Maharashtra","? 5,20,000"
104,Hummer H3 (2008),SUV,33625.0 KM,PETROL,1st,"Santacruz West, Mumbai, Maharashtra","? 55,00,000"
105,Hummer H2 (2020),SUV,28000.0 KM,PETROL,1st,"Andheri West, Mumbai, Maharashtra","? 70,00,000"
106,Nissan Terrano (2015),2013-2017 XL 85 PS,"51,234 KM",DIESEL,1st,"Fort, Mumbai, Maharashtra","? 4,69,000"
107,Toyota Innova Crysta (2016),2.8Z Automatic,"150,000 KM",DIESEL,1st,"Valdhuni, Ulhasnagar, Maharashtra","? 15,50,000"
108,Renault Duster (2014),RXE,"140,000 KM",DIESEL,3rd,"Kothrud, Pune, Maharashtra","? 4,49,000"
109,Maruti Suzuki Ciaz (2017),2014-2017 VDi Plus SHVS,51000.0 KM,DIESEL,1st,"Kharghar, Navi Mumbai, Maharashtra","? 6,99,000"
110,Maruti Suzuki Ciaz (2017),2014-2017 ZDi-SHVS,68284.0 KM,PETROL,2nd,"Chembur, Mumbai, Maharashtra","? 7,25,000"
111,Maruti Suzuki Ciaz (2015),2014-2017 VDi Option SHVS,79328.0 KM,DIESEL,1st,"Chembur, Mumbai, Maharashtra","? 6,00,000"
112,Maruti Suzuki Ciaz (2015),2014-2017 ZDi-SHVS,63000.0 KM,DIESEL,1st,"Ghatkopar West, Mumbai, Maharashtra","? 6,25,111"
113,Maruti Suzuki Ciaz (2016),2014-2017 VDi Plus SHVS,57607.0 KM,DIESEL,1st,"Vashi, Navi Mumbai, Maharashtra","? 6,75,000"
114,Maruti Suzuki Ertiga (2017),SHVS VDI,51500.0 KM,DIESEL,1st,"Ghatkopar East, Mumbai, Maharashtra","? 7,99,999"
115,Maruti Suzuki Ertiga (2017),SHVS VDI,50200.0 KM,DIESEL,1st,"Ghatkopar East, Mumbai, Maharashtra","? 7,99,999"
116,Maruti Suzuki Ciaz (2015),2014-2017 VDi Plus SHVS,61200.0 KM,DIESEL,1st,"Vashi, Navi Mumbai, Maharashtra","? 6,25,000"
117,Maruti Suzuki Ciaz (2017),2014-2017 ZDi-SHVS,68319.0 KM,DIESEL,2nd,"Chembur, Mumbai, Maharashtra","? 7,75,000"
118,Maruti Suzuki Ertiga (2018),SHVS ZDI Plus,28000.0 KM,DIESEL,1st,"Ghatkopar West, Mumbai, Maharashtra","? 8,90,000"
119,Maruti Suzuki Ciaz (2016),2014-2017 VDI SHVS,53000.0 KM,DIESEL,1st,"Ghatkopar West, Mumbai, Maharashtra","? 6,52,000"
120,Maruti Suzuki Ertiga (2018),SHVS ZDI Plus,50000.0 KM,DIESEL,1st,"Ghatkopar West, Mumbai, Maharashtra","? 9,50,000"
121,Maruti Suzuki Ertiga (2018),SHVS ZDI Plus,50000.0 KM,DIESEL,1st,"Ghatkopar West, Mumbai, Maharashtra","? 9,50,000"
122,Bmw 6 Series (2013),640d Gran Coupe,41000.0 KM,DIESEL,1st,"Vashi, Navi Mumbai, Maharashtra","? 32,00,000"
123,Maruti Suzuki Ciaz (2016),2014-2017 VDI SHVS,52000.0 KM,DIESEL,1st,"Vikhroli West, Mumbai, Maharashtra","? 6,55,000"
124,Bmw 6 Series (2013),640d Gran Coupe,34000.0 KM,DIESEL,2nd,"Ghatkopar West, Mumbai, Maharashtra","? 27,99,999"
125,Bmw 6 Series (2013),2011-2014 640d Coupe,34000.0 KM,DIESEL,1st,"Borivali West, Mumbai, Maharashtra","? 34,99,000"
126,Maruti Suzuki Wagon R (2015),2010-2012 LXI BS IV,"110,000 KM",CNG & HYBRIDS,1st,"Ulwe, Navi Mumbai, Maharashtra","? 2,20,000"
127,Mercedes-Benz E-Class Cabriolet (2011),Others,"45,000 KM",PETROL,2nd,"Girgaon Chowpatty Area, Mumbai, Maharashtra","? 22,00,000"
128,Bmw 6 Series (2013),640d Gran Coupe,34000.0 KM,DIESEL,2nd,"Satya Nagar,, Opp. Malpani ground, Borivali West, Mumbai, Maharashtra
Get Directions","? 27,99,999"
129,Bmw 6 Series (2013),2013-2015 640d Gran Coupe,34000.0 KM,DIESEL,1st,"Borivali West, Mumbai, Maharashtra","? 32,00,000"
130,Bmw 6 Series (2013),2011-2014 640d Coupe,50000.0 KM,DIESEL,1st,"Lokhandwala Complex, Mumbai, Maharashtra","? 24,50,000"
131,Bmw 6 Series (2013),640d Gran Coupe,41000.0 KM,DIESEL,2nd,"Bandra West, Mumbai, Maharashtra","? 34,00,000"
132,Bmw 6 Series (2013),2011-2014 640d Coupe,34000.0 KM,DIESEL,2nd,"Bandra West, Mumbai, Maharashtra","? 31,99,999"
133,Bmw 6 Series (2013),640d Gran Coupe,34000.0 KM,DIESEL,1st,"Kandivali West, Mumbai, Maharashtra","? 31,99,000"
134,Audi Tt (2012),3.2 Coupe quattro,27000.0 KM,PETROL,2nd,"Golibar Maidan, Pune, Maharashtra","? 28,50,000"
135,Audi Tt (2016),3.2 Coupe quattro,19250.0 KM,PETROL,1st,"MIDC Ambad, Nashik, Maharashtra","? 52,50,000"
136,Bmw 6 Series (2013),640d Gran Coupe,41000.0 KM,DIESEL,2nd,"Bandra West, Mumbai, Maharashtra","? 34,00,000"
137,Bmw 6 Series (2013),2011-2014 640d Coupe,34000.0 KM,DIESEL,2nd,"Bandra West, Mumbai, Maharashtra","? 31,99,999"
138,Bmw 6 Series (2013),640d Gran Coupe,34000.0 KM,DIESEL,2nd,"Ghatkopar West, Mumbai, Maharashtra","? 27,99,999"
139,Bmw 6 Series (2013),2011-2014 640d Coupe,50000.0 KM,DIESEL,1st,"Lokhandwala Complex, Mumbai, Maharashtra","? 24,50,000"
140,Mercedes-Benz E-Class Cabriolet (2011),Others,"45,000 KM",PETROL,2nd,"Girgaon Chowpatty Area, Mumbai, Maharashtra","? 22,00,000"
141,Bmw 6 Series (2013),640d Gran Coupe,34000.0 KM,DIESEL,2nd,"Satya Nagar,, Opp. Malpani ground, Borivali West, Mumbai, Maharashtra
Get Directions","? 27,99,999"
142,Mitsubishi Others (2007),,"83,000 KM",DIESEL,1st,"Vikhroli West, Mumbai, Maharashtra","? 11,50,000"
143,Mahindra Xuv300 (2019),W8 Option Dual Tone,"29,000 KM",PETROL,1st,"Edapally, Kochi, Kerala","? 10,96,000"
144,Other Brands Others (2017),,"10,000 KM",DIESEL,1st,"Merakatu, Cherthala, Kerala","? 3,00,000"
145,Honda Cr-V (2007),2007-2012 2.4 MT,"88,963 KM",PETROL,2nd,"Ernakulam, Kochi, Kerala","? 4,32,000"
146,Mahindra Others (2021),,0 KM,DIESEL,1st,"Vazhayila, Thiruvananthapuram, Kerala","? 11,00,000"
147,Tata Others (2021),,"1,000 KM",PETROL,1st,"Mukkam, Kozhikode, Kerala","? 5,00,000"
148,Tata Safari (2011),DICOR 2.2 LX 4x2,"50,000 KM",DIESEL,1st,"Golf Link Road, Thiruvananthapuram, Kerala","? 4,00,000"
149,Volkswagen Others (2021),,0 KM,PETROL,1st,"Chavittuvary, Kottayam, Kerala","? 10,00,100"
150,Hyundai Xcent (2017),2016-2017 1.1 CRDi SX,"50,000 KM",PETROL,1st,"Arikulam, Kozhikode, Kerala","? 5,50,000"
151,Toyota Innova (2010),2.5 VX 8-STR,"170,000 KM",DIESEL,3rd,"Mannarkad 2, Mannarkad I, Kerala","? 8,00,000"
152,Maruti Suzuki Zen (1998),LXI,"55,000 KM",PETROL,3rd,"Nirampara, Kattipparuthi, Kerala","? 65,000"
153,Maruti Suzuki Eeco (2013),Smiles 5 Seater AC,"99,000 KM",PETROL,2nd,"Kumaramangalam, Thodupuzha, Kerala","? 2,60,000"
154,Maruti Suzuki Omni (2002),1998-2005 E 8 Str STD,"100,000 KM",PETROL,3rd,"Thekkumkara, Vadakkumkara, Kerala","? 65,000"
155,Maruti Suzuki Swift (2005),2004-2010 1.3 VXi,"110,000 KM",PETROL,2nd,"Valanchery, Malappuram, Kerala","? 1,30,000"
156,Maruti Suzuki Alto (2009),2005-2010 STD,"105,000 KM",PETROL,4th,"Nirmalapuram, Kurattissery, Kerala","? 1,50,000"
157,Maruti Suzuki Swift Dzire (2014),VDI,"150,000 KM",DIESEL,1st,"Padaw Nad, Thrissur, Kerala","? 4,00,000"
158,Maruti Suzuki Ritz (2012),Vdi BS-IV,"102,000 KM",DIESEL,2nd,"Kazhakoottam, Thiruvananthapuram, Kerala","? 3,15,000"
159,Maruti Suzuki Alto (2009),2005-2010 LX BSIII,"104,000 KM",PETROL,2nd,"Panacode, Thiruvananthapuram, Kerala","? 1,30,000"
160,Maruti Suzuki Wagon R (2009),LXI,68000.0 KM,PETROL,2nd,"Rose Mandiram, Near Amaravila check post,, Thannimoodu, Amaravila, Amaravila check post, thiruvananthapuram, KERALA
Get Directions","? 2,25,000"
161,Maruti Suzuki A-Star (2009),Vxi,78320.0 KM,PETROL,2nd,"Nandanam Interio, Thrissur -Kunnamkulam Rd, Punkunnam,Thrissur, Kerala 680002, Thrissur -Kunnamkulam Rd,, Thrissur, Kerala
Get Directions","? 1,70,000"
162,Maruti Suzuki 800 (2000),AC,90000 KM,PETROL,Third,"Poonithura, Kochi, Kerala","? 65,000"
163,Maruti Suzuki 800 (2021),AC,"1,000 KM",PETROL,1st,"Kowdiar, Thiruvananthapuram, Kerala","? 50,000"
164,Maruti Suzuki Swift Dzire Tour (2017),LDI,"146,000 KM",DIESEL,1st,"Peravoor, Kannur, Kerala","? 6,15,000"
165,Maruti Suzuki Swift (2015),VDI BS IV,121996.0 KM,DIESEL,2nd,"Karamana, Thiruvananthapuram, Kerala","? 4,75,000"
166,Maruti Suzuki Swift (2017),2004-2010 1.3 VXi,56000.0 KM,PETROL,1st,"Talap, Kannur, Kerala","? 5,50,000"
167,Maruti Suzuki Ritz (2012),Vdi BS-IV,"102,000 KM",DIESEL,2nd,"Kazhakoottam, Thiruvananthapuram, Kerala","? 3,15,000"
168,Maruti Suzuki Wagon R (2003),Others,120000 KM,PETROL,Third,"Ernakulam, Kochi, Kerala","? 82,000"
169,Maruti Suzuki Alto 800 (2018),CNG LXI,"85,000 KM",CNG & HYBRIDS,1st,"Thripunithura, Kochi, Kerala","? 3,50,000"
170,Maruti Suzuki Zen (1998),LXI,"55,000 KM",PETROL,3rd,"Nirampara, Kattipparuthi, Kerala","? 65,000"
171,Maruti Suzuki Alto 800 (2018),CNG LXI,"85,000 KM",CNG & HYBRIDS,1st,"Thripunithura, Kochi, Kerala","? 3,50,000"
172,Maruti Suzuki Ritz (2012),ZDi,160000 KM,DIESEL,First,"Bolghatty Island, Kochi, Kerala","? 3,50,000"
173,Maruti Suzuki Alto (2009),2005-2010 LX BSIII,"104,000 KM",PETROL,2nd,"Panacode, Thiruvananthapuram, Kerala","? 1,30,000"
174,Maruti Suzuki Swift Dzire (2018),ZXI Plus,"35,000 KM",PETROL,1st,"Iritty, Kannur, Kerala","? 7,00,000"
175,Maruti Suzuki Alto (2010),2005-2010 LXi BSIII,"48,000 KM",PETROL,2nd,"Onamkulam, Vengola, Kerala","? 1,90,000"
176,Maruti Suzuki 800 (2001),EX 5 Speed,"170,000 KM",PETROL,2nd,"Vyttila, Kochi, Kerala","? 75,000"
177,Maruti Suzuki Alto (2011),LX,70000 KM,PETROL,Third,"Thoppil, Kochi, Kerala","? 1,60,000"
178,Maruti Suzuki Ritz (2009),2009-2011 VXI,90000 KM,PETROL,First,"Thammanam, Kochi, Kerala","? 2,60,000"
179,Maruti Suzuki Zen (2005),LXI,"75,000 KM",PETROL,2nd,"Parappanangadi, Neduva, Kerala","? 36,000"
180,Maruti Suzuki Sx4 (2009),2007-2012 Vxi BSIV,"51,000 KM",PETROL,2nd,"Kureekad, Kochi, Kerala","? 2,25,000"
181,Maruti Suzuki Ertiga (2015),VDI,47000.0 KM,DIESEL,1st,"Pallimukku, Kollam, Kerala","? 6,25,000"
182,Hindustan Motors Ambassador (1990),Others,10000 KM,PETROL,First,"Edapally, Kochi, Kerala","? 4,19,000"
183,Maruti Suzuki Alto (2008),2005-2010 LXi BSIII,"77,000 KM",PETROL,3rd,"Chambakkara, Kochi, Kerala","? 1,00,000"
184,Maruti Suzuki Ignis (2017),1.2 Zeta,42200.0 KM,PETROL,1st,"Chelamattom, Perumbavoor, Kerala","? 5,35,000"
185,Maruti Suzuki Alto (2006),LXi,86000.0 KM,PETROL,2nd,"Palakkdam, Palakkad, Kerala","? 1,25,000"
186,Maruti Suzuki Alto (2010),2005-2010 LXi BSIII,"48,000 KM",PETROL,2nd,"Onamkulam, Vengola, Kerala","? 1,90,000"
187,Maruti Suzuki Baleno (1995),Others,70000 KM,PETROL,Second,"Edavanakkad, Kochi, Kerala","? 40,000"
188,Maruti Suzuki Omni (2002),1998-2005 E 8 Str STD,"100,000 KM",PETROL,3rd,"Thekkumkara, Vadakkumkara, Kerala","? 65,000"
189,Hindustan Motors Ambassador (1990),Others,10000 KM,PETROL,First,"Edapally, Kochi, Kerala","? 4,19,000"
190,Maruti Suzuki Alto (2010),2005-2010 LXi BSIII,"48,000 KM",PETROL,2nd,"Onamkulam, Vengola, Kerala","? 1,90,000"
191,Maruti Suzuki Baleno (1995),Others,70000 KM,PETROL,Second,"Edavanakkad, Kochi, Kerala","? 40,000"
192,Maruti Suzuki 800 (1999),Std,90000 KM,PETROL,First,"Kunnathery Thikavu, Kochi, Kerala","? 45,000"
193,Maruti Suzuki 800 (1999),Std,90000 KM,PETROL,First,"Kunnathery Thikavu, Kochi, Kerala","? 45,000"
194,Hindustan Motors Ambassador (1990),Others,10000 KM,PETROL,First,"Edapally, Kochi, Kerala","? 4,19,000"
195,Maruti Suzuki 800 (1999),Std,90000 KM,PETROL,First,"Kunnathery Thikavu, Kochi, Kerala","? 45,000"
196,Maruti Suzuki Omni (2005),5 STR BS-III,1.0 KM,PETROL,2nd,"Puttur, Palakkad, Kerala","? 89,000"
197,Maruti Suzuki Estilo (2013),LXi BS-IV,105000.0 KM,PETROL,2nd,"Tharekkad, Palakkad, Kerala","? 2,20,000"
198,Maruti Suzuki Ritz (2012),VDi,80574 KM,DIESEL,Third,"Melapukam, Peringathur, Kerala","? 3,20,000"
199,Maruti Suzuki Ertiga (2015),2012-2015 VDI,"63,000 KM",DIESEL,1st,"Thottakkattukara Junction, Aluva, Kerala","? 6,15,000"
200,Maruti Suzuki Wagon R (2021),ZXI 1.2,"5,200 KM",PETROL,1st,"Kotapadi, Pookode, Kerala","? 6,30,000"
201,Maruti Suzuki Zen (2002),VXI,"100,000 KM",PETROL,3rd,"Naya Bazar, Kondotty, Kerala","? 89,999"
202,Maruti Suzuki Alto 800 (2013),2012-2016 CNG LXI,"31,000 KM",PETROL,1st,"Ramapuram, Palai, Kerala","? 2,55,000"
203,Maruti Suzuki Alto 800 (2019),LXI,"22,000 KM",PETROL,1st,"Kattmpady, Koipady, Kerala","? 3,40,000"
204,Not Available,Not Available,Not Available,Not Available,Not Available,Not Available,Not Available
205,Maruti Suzuki Zen (2003),LX,"85,000 KM",PETROL,3rd,"Muduttupuzha, Muvattupuzha, Kerala","? 65,000"
206,Maruti Suzuki Alto 800 (2012),2012-2016 LXI,"52,459 KM",PETROL,2nd,"Kottukal, Thiruvananthapuram, Kerala","? 2,19,000"
207,Maruti Suzuki Swift (2015),VXI,40000.0 KM,PETROL,2nd,"Mevaram, Kollam, Kerala","? 4,75,000"
208,Maruti Suzuki Swift (2015),DDiS VDI,74000.0 KM,DIESEL,2nd,"True Cars, Medayil Junction,, Ayathil, Ayathil, Kollam, Kerala
Get Directions","? 4,65,000"
209,Maruti Suzuki Zen (2005),AT BSII,"100,000 KM",PETROL,2nd,"Muriyad, Kallettumkara, Kerala","? 1,15,000"
210,Maruti Suzuki Celerio (2017),ZXI AMT,34000.0 KM,PETROL,1st,"Rose Mandiram, Near Amaravila check post,, Thannimoodu, Amaravila, Amaravila check post, thiruvananthapuram, KERALA
Get Directions","? 5,00,000"
211,Maruti Suzuki Swift (2015),DDiS VDI,74000.0 KM,DIESEL,2nd,"True Cars, Medayil Junction,, Ayathil, Ayathil, Kollam, Kerala
Get Directions","? 4,65,000"
212,Maruti Suzuki Zen (2005),AT BSII,"100,000 KM",PETROL,2nd,"Muriyad, Kallettumkara, Kerala","? 1,15,000"
213,Maruti Suzuki Alto K10 (2012),LXI,"59,000 KM",PETROL,2nd,"Asraman, Kollam, Kerala","? 1,90,000"
214,Maruti Suzuki Baleno (2017),Delta Diesel,"39,000 KM",DIESEL,1st,"Mavunkal, Kanhangad, Kerala","? 6,50,000"
215,Maruti Suzuki Wagon R (2002),1999-2006 AX,"85,000 KM",PETROL,2nd,"Mannarkad 2, Mannarkad I, Kerala","? 85,000"
216,Maruti Suzuki Zen (2000),VX,"92,000 KM",PETROL,3rd,"Elanjipra, Chalakudy, Kerala","? 53,000"
217,Maruti Suzuki Ritz (2012),VXi,"58,000 KM",PETROL,2nd,"Ponkunnam, Kottayam, Kerala","? 3,25,000"
218,Maruti Suzuki Zen Estilo (2009),VXI BSIII,"150,000 KM",PETROL,2nd,"Angadipuram, Perinthalmanna, Kerala","? 1,60,000"
219,Maruti Suzuki Others (2018),,400000.0 KM,DIESEL,1st,"Kaloor, Kochi, Kerala","? 72,00,000"
220,Maruti Suzuki Alto 800 (2016),2012-2016 LXI,"109,000 KM",PETROL,1st,"Perinukulam, Alathur, Kerala","? 2,58,000"
221,Maruti Suzuki 800 (2001),AC,"24,853 KM",PETROL,3rd,"Kannadikkal, Kozhikode, Kerala","? 30,000"
222,Maruti Suzuki Zen (2005),VXI,"108,495 KM",PETROL,2nd,"Kuttippala, Perumanna, Kerala","? 65,000"
223,Maruti Suzuki Zen (2000),LXI,"98,000 KM",PETROL,3rd,"Thammanam, Kochi, Kerala","? 70,000"
224,Maruti Suzuki Swift Dzire (2014),VDI,107000.0 KM,DIESEL,1st,"Angadipuram, Perinthalmanna, Kerala","? 4,35,000"
225,Maruti Suzuki Alto K10 (2011),VXI,79965.0 KM,PETROL,1st,"Palarivattom, Kochi, Kerala","? 2,15,000"
226,Maruti Suzuki Alto K10 (2013),VXI,"17,500 KM",PETROL,1st,"Bypass Road, Thiruvananthapuram, Kerala","? 2,65,000"
227,Maruti Suzuki Baleno (2020),Alpha,16000.0 KM,PETROL,2nd,"Malappuram Up Hill, Malappuram, Kerala","? 9,20,000"
228,Maruti Suzuki Zen (2000),LXI,"98,000 KM",PETROL,3rd,"Thammanam, Kochi, Kerala","? 70,000"
229,Maruti Suzuki Swift Dzire (2014),VDI,107000.0 KM,DIESEL,1st,"Angadipuram, Perinthalmanna, Kerala","? 4,35,000"
230,Maruti Suzuki Alto K10 (2011),VXI,79965.0 KM,PETROL,1st,"Palarivattom, Kochi, Kerala","? 2,15,000"
231,Maruti Suzuki Baleno (2020),Alpha,16000.0 KM,PETROL,2nd,"Malappuram Up Hill, Malappuram, Kerala","? 9,20,000"
232,Maruti Suzuki Omni (2015),8 Seater BSII,"62,000 KM",PETROL,1st,"Attapalam, Kumily, Kerala","? 2,50,000"
233,Maruti Suzuki Celerio (2018),VXI AMT,16200.0 KM,PETROL,1st,"Mankavu, Kozhikode, Kerala","? 4,90,000"
234,Maruti Suzuki Swift Dzire (2009),VXI,102000.0 KM,PETROL,3rd,"Puthiyara, Kozhikode, Kerala","? 2,30,000"
235,Maruti Suzuki Swift (2015),VDI BS IV,95000.0 KM,DIESEL,1st,"Poothole, Thrissur, Kerala","? 5,29,500"
236,Maruti Suzuki Wagon R (2005),LXI,76000.0 KM,PETROL,2nd,"Vaduvanchal, Wayanad, Kerala","? 99,000"
237,Maruti Suzuki 800 (2007),Std,95000.0 KM,PETROL,--,"Malappuram Up Hill, Malappuram, Kerala","? 65,000"
238,Maruti Suzuki Alto (2012),LXi,69000.0 KM,PETROL,1st,"Melechowa South, Kannur, Kerala","? 2,10,000"
239,Maruti Suzuki Wagon R (2007),1999-2006 LXI,91107.0 KM,--,2nd,"Palarivattom, Kochi, Kerala","? 1,60,000"
240,Maruti Suzuki S-Presso (2020),VXI Plus,10875.0 KM,PETROL,1st,"Nagampadam, Kottayam, Kerala","? 4,30,000"
241,Maruti Suzuki Zen Estilo (2007),LXI BSIII,81419.0 KM,PETROL,3rd,"Nagampadam, Kottayam, Kerala","? 1,20,000"
242,Maruti Suzuki Swift (2009),2004-2010 Ldi BSIV,"131,000 KM",DIESEL,1st,"Laksheminada, Kollam, Kerala","? 2,40,000"
243,Maruti Suzuki Alto (2009),LXi,50000.0 KM,PETROL,1st,"Mankavu, Kozhikode, Kerala","? 1,36,000"
244,Maruti Suzuki Swift (2013),ZDi,"100,000 KM",DIESEL,1st,"Chealapuram, Kayamkulam, Kerala","? 4,15,000"
245,Maruti Suzuki Swift Dzire (2012),ZDI,162000.0 KM,DIESEL,1st,"Tvm Isro, Thiruvananthapuram, Kerala","? 3,00,000"
246,Maruti Suzuki Alto 800 (2019),LXI Opt,32000.0 KM,PETROL,1st,"Rose Mandiram, Near Amaravila check post,, Thannimoodu, Amaravila, Amaravila check post, thiruvananthapuram, KERALA
Get Directions","? 3,17,000"
247,Maruti Suzuki Vitara Brezza (2016),LDi Option,45000.0 KM,DIESEL,1st,"Railway Station Square, Aluva, Kerala","? 6,75,000"
248,Maruti Suzuki Swift (2012),2011-2014 VDI,77000.0 KM,DIESEL,2nd,"Anayara, Thiruvananthapuram, Kerala","? 3,75,000"
249,Maruti Suzuki Alto (2011),LX,70000 KM,PETROL,Third,"Thoppil, Kochi, Kerala","? 1,56,000"
250,Maruti Suzuki Baleno (1995),Others,70000 KM,PETROL,Second,"Edavanakkad, Kochi, Kerala","? 40,000"
251,Maruti Suzuki Wagon R (2014),VXI BS IV,"25,300 KM",PETROL,1st,"Kaloor, Kochi, Kerala","? 3,25,000"
252,Maruti Suzuki Alto (2008),LXi,90000.0 KM,PETROL,2nd,"Angadipuram, Perinthalmanna, Kerala","? 1,25,000"
253,Maruti Suzuki Ertiga (2015),VDI,95000.0 KM,DIESEL,1st,"Chelamattom, Perumbavoor, Kerala","? 5,00,000"
254,Maruti Suzuki Ertiga (2015),VXI,78000.0 KM,PETROL,2nd,"Kaloor, Kochi, Kerala","? 5,75,000"
255,Maruti Suzuki Wagon R (2008),1999-2006 LXI,47413.0 KM,--,1st,"Palarivattom, Kochi, Kerala","? 2,15,000"
256,Maruti Suzuki Swift (2018),2018 LXI,48367.0 KM,PETROL,1st,"Puzhakkal, Puranattukara, Kerala","? 5,65,000"
257,Maruti Suzuki Omni (2001),8 Seater BSII,80000.0 KM,PETROL,3rd,"Karamana, Thiruvananthapuram, Kerala","? 85,000"
258,Maruti Suzuki Wagon R (2007),LXI,100712.0 KM,PETROL,2nd,"Puzhakkal, Puranattukara, Kerala","? 1,50,000"
257,Maruti Suzuki Swift Dzire (2016),VXI,"53,698 KM",PETROL,1st,"Pottakuzhi, Kochi, Kerala","? 2,30,000"
258,Maruti Suzuki Ertiga (2012),VDI,125000.0 KM,DIESEL,1st,"Kanakode, Vattappara, Kerala","? 4,04,000"
259,Maruti Suzuki Ritz (2009),2009-2011 VXI,90000 KM,PETROL,First,"Thammanam, Kochi, Kerala","? 2,60,000"
260,Maruti Suzuki 800 (2008),AC,"101,300 KM",PETROL,4th,"Iritty, Kannur, Kerala","? 1,00,000"
261,Maruti Suzuki Swift Dzire (2015),ZDI Plus,"105,000 KM",DIESEL,2nd,"Edapally, Kochi, Kerala","? 5,00,000"
262,Maruti Suzuki Swift Dzire (2014),VXI,73427.0 KM,PETROL,1st,"Mevaram, Kollam, Kerala","? 4,75,000"
263,Maruti Suzuki Swift (2019),,24000.0 KM,PETROL,1st,"Kozhikode, Vadakara, Kerala","? 7,50,000"
264,Maruti Suzuki Swift (2014),2011-2014 VXI,30600.0 KM,PETROL,1st,"Gandhi Nagar, Kochi, Kerala","? 4,80,000"
265,Maruti Suzuki Swift Dzire (2016),VXI,"53,698 KM",PETROL,1st,"Pottakuzhi, Kochi, Kerala","? 2,30,000"
266,Maruti Suzuki Wagon R (2003),1999-2006 LXI BSII,"89,000 KM",PETROL,3rd,"Companypadi, Kochi, Kerala","? 95,000"
267,Maruti Suzuki Alto (2007),LX,"95,000 KM",PETROL,2nd,"Nilamel, Kollam, Kerala","? 1,00,000"
268,Maruti Suzuki Alto 800 (2021),VXI,0 KM,PETROL,1st,"Kavumbhagam, Thiruvalla, Kerala","? 78,000"
269,Maruti Suzuki Esteem (2006),Lxi,85360.0 KM,PETROL,2nd,"Nandanam Interio, Thrissur -Kunnamkulam Rd, Punkunnam,Thrissur, Kerala 680002, Thrissur -Kunnamkulam Rd,, Thrissur, Kerala
Get Directions","? 75,000"
270,Maruti Suzuki Swift Dzire (2019),AMT ZXI,23000.0 KM,PETROL,1st,"Melechowa South, Kannur, Kerala","? 7,20,000"
271,Maruti Suzuki Wagon R (2012),2010-2012 LXI BS IV,102000.0 KM,PETROL,1st,"Thiruvullakkavu, Chevvoor, Kerala","? 2,70,000"
272,Maruti Suzuki Omni (2012),MPI CARGO BSIII W/ IMMOBILISER,"17,002 KM",PETROL,2nd,"Mathara, Olavanna, Kerala","? 80,000"
273,Maruti Suzuki Swift Dzire (2019),AMT ZXI,23000.0 KM,PETROL,1st,"Melechowa South, Kannur, Kerala","? 7,20,000"
274,Maruti Suzuki Swift (2007),,1.0 KM,DIESEL,1st,"Kaloor, Kochi, Kerala","? 1,88,000"
275,Maruti Suzuki Wagon R (2005),LXI,72000.0 KM,PETROL,1st,"Peringavu, Thrissur, Kerala","? 1,20,000"
276,Maruti Suzuki Zen (1999),LX,"63,000 KM",PETROL,3rd,"Thriprayar, Thanniyam, Kerala","? 30,000"
277,Maruti Suzuki Wagon R (2020),2010-2012 LX BSIII,"20,000 KM",DIESEL,1st,"Mananthavady, Wayanad, Kerala","? 1,00,000"
278,Maruti Suzuki Zen (2003),LX,"123,000 KM",PETROL,3rd,"Karaparamba, Kozhikode, Kerala","? 70,000"
279,Maruti Suzuki 800 (2007),AC,50000.0 KM,PETROL,1st,"Melechowa South, Kannur, Kerala","? 90,000"
280,Maruti Suzuki Swift (2018),2018 VXI,13000.0 KM,PETROL,1st,"Ernad, Manjeri, Kerala","? 6,35,000"
281,Maruti Suzuki Swift (2014),2011-2014 VXI,30600.0 KM,PETROL,1st,"Gandhi Nagar, Kochi, Kerala","? 4,80,000"
282,Maruti Suzuki Swift (2019),,24000.0 KM,PETROL,1st,"Kozhikode, Vadakara, Kerala","? 7,50,000"
283,Maruti Suzuki Alto K10 (2011),K10 VXi (O),90000.0 KM,PETROL,2nd,"Chelamattom, Perumbavoor, Kerala","? 2,19,000"
284,Maruti Suzuki Swift (2016),ZXI,"13,000 KM",PETROL,2nd,"Oyoor, Kollam, Kerala","? 5,65,000"
285,Maruti Suzuki Swift (2015),VXI,79.0 KM,PETROL,1st,"Mannarkad 2, Mannarkad I, Kerala","? 4,75,000"
286,Maruti Suzuki Swift (2009),LDI BSIV,"128,000 KM",DIESEL,2nd,"Velloorkunnam, Muvattupuzha, Kerala","? 2,00,000"
287,Maruti Suzuki Swift (2013),2011-2014 RS VDI,999999 KM,DIESEL,Second,"Kottamam, Kalady Ernakulam District, Kerala","? 3,75,000"
288,Maruti Suzuki Alto 800 (2019),LXI,32000.0 KM,PETROL,1st,"Rose Mandiram, Near Amaravila check post,, Thannimoodu, Amaravila, Amaravila check post, thiruvananthapuram, KERALA
Get Directions","? 3,17,000"
289,Maruti Suzuki Vitara Brezza (2018),ZDi Plus Dual Tone,70.0 KM,DIESEL,1st,"Edapally, Kochi, Kerala","? 9,45,000"
290,Maruti Suzuki Swift Dzire (2017),AMT ZDI,47000.0 KM,DIESEL,--,"Kalamassery, Kochi, Kerala","? 7,50,000"
291,Maruti Suzuki Swift Dzire (2019),AMT ZXI,23000.0 KM,PETROL,1st,"Melechowa South, Kannur, Kerala","? 7,20,000"
292,Maruti Suzuki Wagon R (2012),2010-2012 LXI BS IV,102000.0 KM,PETROL,1st,"Thiruvullakkavu, Chevvoor, Kerala","? 2,70,000"
293,Maruti Suzuki Swift Dzire (2016),LXI,"112,000 KM",PETROL,1st,"Vadikagam, Thalassery, Kerala","? 4,25,000"
294,Maruti Suzuki Wagon R (2017),VXI,79.0 KM,PETROL,1st,"Shisadri Nagar, Palakkad, Kerala","? 4,09,000"
295,Maruti Suzuki Ertiga (2013),2012-2015 VDI,106544.0 KM,DIESEL,1st,"Kazhakoottam, Thiruvananthapuram, Kerala","? 4,80,000"
296,Maruti Suzuki Ertiga (2017),VXI,49000.0 KM,PETROL,1st,"Pattanamtitta, Pathanamthitta, Kerala","? 6,60,000"
297,Maruti Suzuki Alto (2008),2005-2010 LXi BSIII,"165,000 KM",PETROL,2nd,"Meenangadi, Wayanad, Kerala","? 95,000"
298,Maruti Suzuki Swift Dzire (2009),LXI,"56,500 KM",PETROL,2nd,"Chenippadi, Kumaranellur, Kerala","? 2,75,000"
299,Maruti Suzuki Ritz (2010),VXi,"70,000 KM",PETROL,2nd,"Kizhakkambalam, Edathala, Kerala","? 2,50,000"
300,Maruti Suzuki Alto 800 (2017),LXI,47000.0 KM,PETROL,1st,"Mylapra, Pathanamthitta, Kerala","? 2,50,000"
301,Maruti Suzuki Swift (2015),ZXI,"59,000 KM",PETROL,2nd,"Koppam, Palakkad, Kerala","? 4,80,000"
302,Maruti Suzuki Swift Dzire (2012),VDI,85000.0 KM,DIESEL,4th,"Pattanamtitta, Pathanamthitta, Kerala","? 3,40,000"
303,Maruti Suzuki Vitara Brezza (2018),VDi,18000.0 KM,DIESEL,1st,"Talap, Kannur, Kerala","? 8,50,000"
304,Maruti Suzuki Swift (2007),LDI,190000.0 KM,DIESEL,2nd,"Talap, Kannur, Kerala","? 1,75,000"
305,Maruti Suzuki Alto 800 (2015),VXI,83000.0 KM,PETROL,2nd,"Mylapra, Pathanamthitta, Kerala","? 2,40,000"
306,Maruti Suzuki Omni (2008),8 Seater BSIV,"69,000 KM",PETROL,3rd,"Vattapara, Thiruvananthapuram, Kerala","? 1,10,000"
307,Maruti Suzuki 800 (2005),Std,"85,000 KM",PETROL,2nd,"Panamaram, Wayanad, Kerala","? 75,000"
308,Maruti Suzuki Others (2015),,"10,000 KM",DIESEL,1st,"Pathirippala, Ottappalam, Kerala","? 1,00,000"
309,Maruti Suzuki Estilo (2007),VXi,"138,000 KM",PETROL,2nd,"Meruangade, Manjeri, Kerala","? 1,25,000"
310,Maruti Suzuki Alto (2009),LXi,55465.0 KM,PETROL,2nd,"True Cars, Medayil Junction,, Ayathil, Ayathil, Kollam, Kerala
Get Directions","? 1,37,000"
311,Maruti Suzuki Wagon R 1.0 (2018),1.0 VXi,36000.0 KM,PETROL,1st,"Palat Nagar, Kozhikode, Kerala","? 4,55,000"
312,Maruti Suzuki 800 (1995),,1.0 KM,PETROL,--,"Railway Station Square, Aluva, Kerala","? 32,000"
313,Maruti Suzuki Eeco (2018),5 Seater AC,26000.0 KM,PETROL,1st,"Pallikulam, Kannur, Kerala","? 4,15,000"
314,Maruti Suzuki Swift (2019),VXI,40000.0 KM,PETROL,1st,"Pallikulam, Kannur, Kerala","? 6,20,000"
315,Maruti Suzuki Wagon R (2009),,94000.0 KM,--,2nd,"Kainatty, Kalpetta, Kerala","? 1,85,000"
316,Maruti Suzuki Wagon R (2018),2010-2012 VXI BS IV,"17,985 KM",PETROL,1st,"Mannarkad 2, Mannarkad I, Kerala","? 4,70,000"
317,Maruti Suzuki Zen (2003),VXI,"91,000 KM",PETROL,3rd,"Edamuttam, Edathiruthy, Kerala","? 1,15,000"
318,Maruti Suzuki Eeco (2018),5 Seater AC,23000.0 KM,PETROL,2nd,"Kalamassery, Kochi, Kerala","? 3,80,000"
319,Maruti Suzuki Swift (2019),,24000.0 KM,PETROL,1st,"Kozhikode, Vadakara, Kerala","? 7,50,000"
320,Maruti Suzuki Wagon R (2017),AMT VXI,20000.0 KM,PETROL,1st,"Malappuram Up Hill, Malappuram, Kerala","? 4,59,000"
321,Maruti Suzuki Alto (2009),2005-2010 LXi BSIII,"50,000 KM",PETROL,1st,"Seaport-Airport Road, Kochi, Kerala","? 1,75,000"
322,Maruti Suzuki 800 (2003),AC,"50,000 KM",PETROL,4th,"Karupadanna Town, Thekkumkara, Kerala","? 55,000"
323,Maruti Suzuki Wagon R (2015),VXI,"82,000 KM",PETROL,3rd,"Kattappana Market, Kattappana, Kerala","? 3,65,000"
324,Maruti Suzuki Zen (1998),Base,"70,000 KM",PETROL,2nd,"Tana, Irinjalakuda, Kerala","? 52,000"
325,Maruti Suzuki Alto 800 (2013),2012-2016 LXI,"65,000 KM",PETROL,2nd,"Muthukadu, Nilambur, Kerala","? 1,85,000"
326,Maruti Suzuki 800 (2006),Std MPFi,"77,365 KM",PETROL,2nd,"Maranalloor, Thiruvananthapuram, Kerala","? 65,000"
327,Maruti Suzuki Ertiga (2015),VXI,"55,000 KM",PETROL,1st,"Kundanoor, Kochi, Kerala","? 5,90,000"
328,Maruti Suzuki Alto (2008),LX,76850.0 KM,PETROL,2nd,"Punalur Police Quarters, Punalur, Kerala","? 98,000"
329,Maruti Suzuki Wagon R (2011),LXI,"65,879 KM",PETROL,2nd,"Karukachal, Kottayam, Kerala","? 2,59,000"
330,Maruti Suzuki Swift Dzire (2010),LXI,"114,000 KM",PETROL,1st,"Kuthuparamba, Koothuparamba, Kerala","? 3,50,000"
331,Maruti Suzuki Ritz (2014),VXi,55600.0 KM,PETROL,1st,"Ernakulam, Kochi, Kerala","? 4,10,000"
332,Maruti Suzuki Ritz (2014),VXi,55600.0 KM,PETROL,1st,"Ernakulam, Kochi, Kerala","? 4,10,000"
333,Maruti Suzuki Omni (2011),5 STR BS-III,"70,488 KM",PETROL,2nd,"Nellikkunnu, Kasaragod, Kerala","? 1,70,000"
334,Maruti Suzuki Ertiga (2019),ZXI Petrol,20000.0 KM,PETROL,1st,"Pallimukku, Kollam, Kerala","? 9,50,000"
335,Maruti Suzuki Alto (2002),2000-2005 LX,80000.0 KM,PETROL,2nd,"Pattom, Thiruvananthapuram, Kerala","? 78,000"
336,Maruti Suzuki Alto (2002),2000-2005 LX,80000.0 KM,PETROL,2nd,"Pattom, Thiruvananthapuram, Kerala","? 78,000"
337,Maruti Suzuki Eeco (2018),5 Seater AC,26000.0 KM,PETROL,1st,"Pallikulam, Kannur, Kerala","? 4,15,000"
338,Maruti Suzuki Zen (1996),Base,"60,000 KM",PETROL,2nd,"Peringala, Kochi, Kerala","? 45,000"
339,Maruti Suzuki Stingray (2013),VXi,51100.0 KM,PETROL,2nd,"Chavittuvary, Kottayam, Kerala","? 3,60,000"
340,Maruti Suzuki Swift (2019),VXI,40000.0 KM,PETROL,1st,"Pallikulam, Kannur, Kerala","? 6,20,000"
341,Maruti Suzuki Alto (2019),LXi BS-IV,6000.0 KM,PETROL,1st,"Chavittuvary, Kottayam, Kerala","? 3,45,000"
342,Maruti Suzuki Wagon R 1.0 (2015),1.0 VXi,71000.0 KM,PETROL,2nd,"Chavittuvary, Kottayam, Kerala","? 3,75,000"
343,Maruti Suzuki Swift (2012),DDiS VDI,"125,000 KM",DIESEL,2nd,"Kowdiar, Thiruvananthapuram, Kerala","? 3,60,000"
344,Maruti Suzuki Wagon R (2013),VXI Opt,84000.0 KM,PETROL,2nd,"Tharekkad, Palakkad, Kerala","? 3,00,000"
345,Maruti Suzuki 800 (2002),AC,"7,431 KM",PETROL,4+,"Nayar Kuzhi, Kozhikode, Kerala","? 52,000"
346,Maruti Suzuki Swift (2021),LXI Option,0 KM,PETROL,1st,"CSEZ, Kochi, Kerala","? 6,00,000"
347,Maruti Suzuki Alto (2008),LXi,"60,000 KM",PETROL,2nd,"Edapally, Kochi, Kerala","? 1,28,000"
348,Maruti Suzuki Swift (2015),VXI,123000.0 KM,PETROL,2nd,"Vazhappily, Muvattupuzha, Kerala","? 4,50,000"
349,Maruti Suzuki Eeco (2010),7 Seater Standard,"76,000 KM",PETROL,1st,"Elanjipra, Chalakudy, Kerala","? 2,15,000"
350,Maruti Suzuki Alto (2012),LXi,49454.0 KM,PETROL,2nd,"Ehylode, Cheruthazham, Kerala","? 2,10,000"
351,Mahindra Others (2011),,"133,000 KM",DIESEL,2nd,"Chandralayam, Mattannur, Kerala","? 2,30,000"
352,Mahindra Others (2018),,"45,000 KM",DIESEL,1st,"Thavalakuzhy, Ettumanoor, Kerala","? 3,10,000"
353,Mahindra Others (2017),,"77,000 KM",DIESEL,1st,"Patani Village, Marathakkara, Kerala","? 2,75,000"
354,Mahindra Others (2018),,"84,000 KM",DIESEL,1st,"Mankada, Malappuram, Kerala","? 2,82,000"
355,Mahindra Others (2014),,"57,000 KM",DIESEL,1st,"Pudupalli Theruvu, Palakkad, Kerala","? 2,68,000"
356,Bmw Mini (2012),,70000.0 KM,PETROL,1st,"Ernakulam, Kochi, Kerala","? 17,00,000"
357,Bmw Mini (2017),,37700.0 KM,PETROL,1st,"Payyanad, Manjeri, Kerala","? 34,00,000"
358,Bmw Mini (2012),Others,54000.0 KM,PETROL,2nd,"Valanchery, Malappuram, Kerala","? 18,50,000"
359,Bmw Mini (2020),Others,"1,800 KM",PETROL,1st,"Kakkanad, Kochi, Kerala","? 52,00,000"
360,Other Brands Others (2017),,"150,000 KM",DIESEL,2nd,"Ezhamkulam, Adoor, Kerala","? 35,00,000"
361,Mahindra Supro (2016),ZX 5 Str,"52,000 KM",DIESEL,1st,"Mannur, Ottappalam, Kerala","? 4,00,000"
362,Mahindra Others (2019),,"34,760 KM",DIESEL,1st,"Attingal Avanavancherry, Attingal, Kerala","? 3,50,000"
363,Mahindra Others (2012),,"150,000 KM",DIESEL,2nd,"Ayyapuram, Thrithala, Kerala","? 1,60,000"
364,Mahindra Others (2011),,"160,000 KM",DIESEL,1st,"Takashi-Ambalapuzha, Alappuzha, Kerala","? 1,60,000"
365,Mahindra Others (2014),,"64,000 KM",DIESEL,1st,"Ernad, Manjeri, Kerala","? 2,00,000"
366,Mahindra Others (2012),,"51,792 KM",DIESEL,2nd,"Nalanchira, Thiruvananthapuram, Kerala","? 1,80,000"
367,Mahindra Others (2018),,"74,000 KM",PETROL,1st,"Ernakulam, Paravur, Kerala","? 2,60,000"
368,Mahindra Others (2012),,"96,000 KM",DIESEL,2nd,"Muthukadu, Nilambur, Kerala","? 1,90,000"
369,Ford Ecosport (2017),1.5 Diesel Trend,45000.0 KM,DIESEL,1st,"Kalamassery, Kochi, Kerala","? 6,20,000"
370,Ford Endeavour (2004),2003-2013 4x2 XLT,111000.0 KM,DIESEL,--,"Railway Station Square, Aluva, Kerala","? 2,85,000"
371,Not Available,Signature Edition Diesel,56000.0 KM,DIESEL,1st,"Kalamassery, Kochi, Kerala","? 8,99,000"
372,Ford Freestyle (2021),Titanium Plus Petrol,10000 KM,PETROL,First,"Thykoodam, Kochi, Kerala","? 7,80,000"
373,Ford Freestyle (2021),Titanium Plus Petrol,10000 KM,PETROL,First,"Thykoodam, Kochi, Kerala","? 7,80,000"
374,Ford Figo (2016),1.5D Trend MT,"93,000 KM",DIESEL,1st,"Ammanchery, Kottayam, Kerala","? 4,75,000"
375,Ford Figo (2012),2012-2015 Diesel LXI,70000.0 KM,DIESEL,1st,"Iritty, Kannur, Kerala","? 1,79,000"
376,Ford Figo (2012),2012-2015 Diesel LXI,94000.0 KM,DIESEL,1st,"Manna, Taliparamba, Kerala","? 2,55,000"
377,Ford Fiesta (2014),1.5 TDCi Titanium,"40,875 KM",DIESEL,1st,"Injakkal, Thiruvananthapuram, Kerala","? 4,75,000"
378,Ford Figo (2010),2010-2012 Diesel Titanium,"103,000 KM",DIESEL,2nd,"Chakkanthara, Palakkad, Kerala","? 2,20,000"
379,Ford Fiesta (2009),2004-2010 1.6 ZXI Duratec,74000.0 KM,PETROL,2nd,"Edapally, Kochi, Kerala","? 1,85,000"
380,Ford Ecosport (2014),1.5 Petrol Titanium,"93,000 KM",PETROL,1st,"Variyamveedu, Kozhikode, Kerala","? 5,10,000"
381,Ford Ikon (2007),1.3 Flair,95127.0 KM,PETROL,2nd,"Kokkal, Thrissur, Kerala","? 1,05,000"
382,Ford Freestyle (2020),Titanium Plus,24000.0 KM,DIESEL,1st,"Palarivattom, Kochi, Kerala","? 8,20,000"
383,Ford Ecosport (2014),1.5 Petrol Ambiente,64000.0 KM,PETROL,1st,"Thrikkakara, Kochi, Kerala","? 4,20,000"
384,Ford Fiesta Classic (2015),1.4 Duratorq CLXI,120000.0 KM,DIESEL,2nd,"Chelamattom, Perumbavoor, Kerala","? 2,50,000"
385,Ford Figo (2011),2010-2012 Petrol ZXI,49441.0 KM,--,2nd,"Palarivattom, Kochi, Kerala","? 2,00,000"
386,Ford Fiesta (2015),1.5 TDCi Titanium,97000.0 KM,DIESEL,1st,"Kadavanthra, Kochi, Kerala","? 2,85,000"
387,Ford Ecosport (2016),2013-2015 1.5 Ti VCT AT Titanium,56000.0 KM,PETROL,1st,"Gowri Nagar, Thiruvananthapuram, Kerala","? 6,50,000"
388,Ford Fusion (2005),Others,"91,000 KM",PETROL,2nd,"Edakochi, Kochi, Kerala","? 95,000"
389,Ford Ikon (2009),1.4 TDCi DuraTorq,"100,000 KM",DIESEL,2nd,"Erayikadavu, Kottayam, Kerala","? 1,27,000"
390,Ford Ecosport (2017),1.5 Diesel Titanium,70000 KM,DIESEL,First,"Kaloor, Kochi, Kerala","? 7,60,000"
391,Ford Ecosport (2013),2013-2015 1.0 Ecoboost Titanium Optional,90000 KM,PETROL,Second,"Karuvelipady, Kochi, Kerala","? 4,60,000"
392,Ford Ecosport (2018),1.5 Diesel Titanium Plus,68000.0 KM,DIESEL,1st,"Edapally, Kochi, Kerala","? 8,90,000"
393,Ford Figo (2015),1.5D Titanium MT,"45,000 KM",DIESEL,1st,"Peroorkada, Thiruvananthapuram, Kerala","? 4,39,000"
394,Ford Fiesta (2011),ZXi 1.6,80000.0 KM,--,2nd,"Kalamassery, Kochi, Kerala","? 1,85,000"
395,Ford Freestyle (2019),Trend Diesel,52000.0 KM,DIESEL,1st,"Palarivattom, Kochi, Kerala","? 5,95,000"
396,Ford Ecosport (2020),S Diesel,7000.0 KM,DIESEL,1st,"Puthanathani, Malappuram, Kerala","? 12,50,000"
397,Ford Ecosport (2013),2013-2015 1.5 Ti VCT MT Titanium,"101,000 KM",DIESEL,2nd,"Jawans Nagar, Pallikkal, Kerala","? 4,60,000"
398,Ford Ikon (2005),1.3L Rocam Flair,"63,000 KM",PETROL,2nd,"Navaikulam, Alamcode Thiruvananthapuram District, Kerala","? 60,000"
399,Ford Endeavour (2016),Titanium 2.2 4X2,35500.0 KM,DIESEL,1st,"Thrikkakara, Kochi, Kerala","? 24,50,000"
400,Ford Fiesta (2008),2008-2011 1.4 ZXi Limited Edition,115000.0 KM,DIESEL,2nd,"Bharanaganam, Palai, Kerala","? 1,19,000"
401,Ford Fiesta Classic (2014),1.4 Duratorq LXI,78000.0 KM,DIESEL,2nd,"Puthiyangadi, Kozhikode, Kerala","? 2,67,000"
402,Ford Figo Aspire (2017),1.5 TDCi Ambiente,"66,000 KM",DIESEL,1st,"Meenachil, Palai, Kerala","? 4,65,000"
403,Ford Ikon (2007),1.3 Flair,"81,000 KM",PETROL,2nd,"Vallapuzha, Shoranur, Kerala","? 1,20,000"
404,Ford Ecosport (2014),1.5 Diesel Titanium Plus,78000.0 KM,DIESEL,--,"Palat Nagar, Kozhikode, Kerala","? 6,10,000"
405,Ford Fiesta Classic (2012),1.4 Duratorq CLXI,"56,808 KM",DIESEL,1st,"Puthuppally, Kayamkulam, Kerala","? 2,25,000"
406,Ford Fiesta (2009),2008-2011 1.4 SXi TDCi,105628.0 KM,DIESEL,2nd,"Manjadi Tiruvalla, Thiruvalla, Kerala","? 2,00,000"
407,Ford Endeavour (2019),2.2 Titanium AT 4X2 Sunroof,28500.0 KM,DIESEL,1st,"Poothole, Thrissur, Kerala","? 34,00,000"
408,Ford Fiesta (2011),1.5 TDCi Titanium,"74,000 KM",DIESEL,2nd,"East Nada, Guruvayur, Kerala","? 2,95,000"
409,Ford Figo (2011),1.2 Trend Plus MT,125000.0 KM,DIESEL,1st,"Malappuram Up Hill, Malappuram, Kerala","? 1,50,000"
410,Ford Fiesta (2012),2011-2013 Diesel Style,82.0 KM,DIESEL,3rd,"Melauri, Palakkad, Kerala","? 3,55,000"
411,Ford Ecosport (2021),1.5 Diesel Titanium,"16,500 KM",DIESEL,1st,"Edapally, Kochi, Kerala","? 11,00,000"
412,Ford Figo Aspire (2015),Titanium,"9,300 KM",PETROL,1st,"Kareepra, Kollam, Kerala","? 4,80,000"
413,Ford Figo (2013),2012-2015 Petrol LXI,51000.0 KM,PETROL,2nd,"Kalamassery, Kochi, Kerala","? 2,25,000"
414,Ford Figo (2012),Duratorq ZXI 1.4,124000.0 KM,DIESEL,2nd,"Nandanam Interio, Thrissur -Kunnamkulam Rd, Punkunnam,Thrissur, Kerala 680002, Thrissur -Kunnamkulam Rd,, Thrissur, Kerala
Get Directions","? 1,90,000"
415,Ford Ecosport (2018),1.5 Diesel Trend,25000.0 KM,DIESEL,1st,"Parudeesa Colony, Aluva, Kerala","? 8,25,000"
416,Ford Freestyle (2014),Titanium Plus Petrol,"35,000 KM",PETROL,1st,"Kanjikuzhi, Kottayam, Kerala","? 4,00,000"
417,Ford Figo (2011),Duratorq EXI 1.4,98000.0 KM,--,4th,"Palarivattom, Kochi, Kerala","? 1,50,000"
418,Ford Ikon (2010),1.4 TDCi DuraTorq,105000.0 KM,DIESEL,1st,"Poothole, Thrissur, Kerala","? 1,47,000"
419,Ford Fusion (2005),1.6 Duratec Petrol,78000.0 KM,PETROL,--,"Peringavu, Thrissur, Kerala","? 1,40,000"
420,Ford Figo (2011),Diesel,106000.0 KM,DIESEL,1st,"Kanjirapally, Kottayam, Kerala","? 1,80,000"
421,Ford Ikon (2003),1.6 EXi NXt,"50,000 KM",PETROL,2nd,"Mavelipuram Colony, Kochi, Kerala","? 55,000"
422,Ford Ecosport (2018),1.5 Diesel Titanium,"59,800 KM",DIESEL,2nd,"Karickode, Mulamthuruthy, Kerala","? 8,70,000"
423,Ford Fiesta (2008),2008-2011 1.6 ZXi Duratec,"65,000 KM",PETROL,2nd,"Athani, Thrissur, Kerala","? 1,55,000"
424,Ford Figo (2011),Others,"130,000 KM",DIESEL,1st,"Olavakod, Palakkad, Kerala","? 1,70,000"
425,Ford Endeavour (2019),Titanium Plus 4x4 AT,"13,000 KM",DIESEL,1st,"Kara Puzha, Kottayam, Kerala","? 32,50,000"
426,Ford Ecosport (2014),1.5 TDCi Titanium,117500.0 KM,DIESEL,2nd,"Kattappana Market, Kattappana, Kerala","? 5,40,000"
427,Ford Figo (2016),1.5D Titanium MT,"54,000 KM",DIESEL,2nd,"Pottammal, Kozhikode, Kerala","? 4,50,000"
428,Ford Figo (2011),2010-2012 Petrol ZXI,"91,000 KM",PETROL,2nd,"Chittoor, Pathanamthitta, Kerala","? 1,85,000"
429,Ford Figo (2013),2012-2015 Diesel ZXI,"106,000 KM",DIESEL,2nd,"Eroor, Kochi, Kerala","? 2,00,000"
430,Ford Freestyle (2019),Trend Diesel,52000.0 KM,DIESEL,1st,"Palarivattom, Kochi, Kerala","? 5,95,000"
431,Ford Aspire (2016),Trend Plus TDCi,19000.0 KM,PETROL,1st,"Anayara, Thiruvananthapuram, Kerala","? 4,50,000"
432,Ford Figo (2011),2010-2012 Diesel LXI,"70,000 KM",DIESEL,2nd,"Kannanalloor, Kollam, Kerala","? 2,50,000"
433,Ford Aspire (2016),Others,"107,000 KM",DIESEL,2nd,"Kapuche Kawla, Kottayam, Kerala","? 3,25,000"
434,Ford Fiesta (2010),2004-2010 1.4 Durasport EXI,90100.0 KM,DIESEL,3rd,"Sai Nagar, Thrissur, Kerala","? 1,60,000"
435,Ford Figo Aspire (2015),1.5 TDCi Ambiente,"120,000 KM",DIESEL,3rd,"Thammanam, Kochi, Kerala","? 3,25,000"
436,Ford Freestyle (2019),Titanium Diesel,11000.0 KM,DIESEL,1st,"Puthanathani, Malappuram, Kerala","? 7,45,000"
437,Ford Freestyle (2018),Titanium Plus,25000.0 KM,DIESEL,1st,"Tvm Isro, Thiruvananthapuram, Kerala","? 6,95,000"
438,Ford Ecosport (2018),1.5 Diesel Titanium,33000.0 KM,DIESEL,1st,"Kakkanad, Kochi, Kerala","? 8,50,000"
439,Ford Figo (2012),1.2P Ambiente MT,82000.0 KM,DIESEL,2nd,"Anchal, Kollam, Kerala","? 1,85,000"
440,Ford Endeavour (2010),2009-2014 3.0L 4X4 AT,"165,000 KM",DIESEL,3rd,"Vazhuthacaud, Thiruvananthapuram, Kerala","? 5,45,000"
441,Ford Figo (2013),2012-2015 Diesel ZXI,"120,000 KM",DIESEL,1st,"Wadakkanchery, Thrissur, Kerala","? 1,90,000"
442,Ford Ecosport (2019),1.5 Petrol Titanium Plus AT,12000.0 KM,PETROL,1st,"Palarivattom, Kochi, Kerala","? 9,75,000"
443,Ford Figo (2012),2010-2012 Diesel ZXI,90000.0 KM,DIESEL,1st,"Venpalavattom, Thiruvananthapuram, Kerala","? 2,00,000"
444,Ford Classic (2014),1.6 Duratec LXI,"40,000 KM",PETROL,1st,"Thampanoor, Thiruvananthapuram, Kerala","? 3,75,000"
445,Ford Ikon (2006),1.3 CLXi,"62,204 KM",PETROL,2nd,"Kidangoor, Angamaly, Kerala","? 1,20,000"
446,Ford Figo (2010),2010-2012 Diesel ZXI,83000.0 KM,DIESEL,2nd,"Kazhakoottam, Thiruvananthapuram, Kerala","? 1,70,000"
447,Ford Figo (2011),1.2P Titanium MT,99500.0 KM,DIESEL,4+,"Kottam, Ettumanoor, Kerala","? 1,65,000"
448,Ford Ikon (2000),1.8 ZXi,"100,000 KM",DIESEL,3rd,"Meruangade, Manjeri, Kerala","? 45,000"
449,Ford Figo (2012),Duratorq ZXI 1.4,141000.0 KM,DIESEL,--,"Nehru Nagar, Thrissur, Kerala","? 2,30,000"
450,Ford Figo Aspire (2017),Titanium Diesel,71000.0 KM,DIESEL,1st,"Santhi Nagar, Kodungallur, Kerala","? 5,00,000"
451,Ford Figo (2013),2012-2015 Diesel ZXI,69000.0 KM,DIESEL,2nd,"Payyanad, Manjeri, Kerala","? 2,60,000"
452,Ford Aspire (2015),Titatinium Blu TDCi,"75,000 KM",PETROL,1st,"Pallimukku, Kollam, Kerala","? 4,05,000"
453,Ford Ecosport (2017),1.5 Diesel Titanium,70000 KM,DIESEL,First,"Kaloor, Kochi, Kerala","? 7,60,000"
454,Ford Figo (2016),1.5D Titanium MT,"61,999 KM",DIESEL,3rd,"Ernakulam, Kochi, Kerala","? 4,25,000"
455,Ford Ecosport (2018),1.5 Petrol Titanium Plus AT,"28,000 KM",PETROL,1st,"Karukachal, Kottayam, Kerala","? 8,60,000"
456,Ford Ecosport (2013),1.5 Diesel Trend Plus,120000.0 KM,DIESEL,2nd,"Valiyangadi, Perinthalmanna, Kerala","? 4,25,000"
457,Ford Figo (2011),2010-2012 Diesel ZXI,81000.0 KM,DIESEL,2nd,"Puthiyara, Kozhikode, Kerala","? 1,98,000"
458,Ford Ecosport (2016),1.5 Petrol Titanium,"10,000 KM",PETROL,1st,"Thankalam, Kothamangalam, Kerala","? 6,75,000"
459,Ford Fiesta (2006),,110000.0 KM,--,--,"Kalamassery, Kochi, Kerala","? 1,10,000"
460,Ford Ecosport (2016),1.5 TDCi Titanium Plus,84000.0 KM,DIESEL,1st,"Kalamassery, Kochi, Kerala","? 6,10,000"
461,Ford Figo (2011),2010-2012 Petrol ZXI,49441.0 KM,--,2nd,"Palarivattom, Kochi, Kerala","? 2,00,000"
462,Ford Fiesta (2009),2008-2011 1.4 Duratec EXI Limited Edition,"180,000 KM",DIESEL,2nd,"Kakkanad, Kochi, Kerala","? 2,25,000"
463,Ford Ikon (2002),1.3 EXi,84000.0 KM,PETROL,2nd,"Kalamassery, Kochi, Kerala","? 60,000"
464,Ford Fiesta (2015),1.5 TDCi Titanium,97000.0 KM,DIESEL,1st,"Kadavanthra, Kochi, Kerala","? 2,85,000"
465,Ford Ecosport (2016),2013-2015 1.5 Ti VCT AT Titanium,56000.0 KM,PETROL,1st,"Gowri Nagar, Thiruvananthapuram, Kerala","? 6,50,000"
466,Ford Fusion (2005),Others,"91,000 KM",PETROL,2nd,"Edakochi, Kochi, Kerala","? 95,000"
467,Ford Ikon (2009),1.4 TDCi DuraTorq,"100,000 KM",DIESEL,2nd,"Erayikadavu, Kottayam, Kerala","? 1,27,000"
468,Ford Fiesta Classic (2012),1.4 Duratorq LXI,98000.0 KM,DIESEL,2nd,"Edapally, Kochi, Kerala","? 2,35,000"
469,Ford Ecosport (2015),1.5 Diesel Titanium,67000.0 KM,DIESEL,1st,"Puthiyara, Kozhikode, Kerala","? 6,50,000"
470,Ford Endeavour (2004),2003-2013 4x2 XLT,111000.0 KM,DIESEL,--,"Railway Station Square, Aluva, Kerala","? 2,85,000"
471,Ford Figo (2021),Titanium AT,0.0 KM,--,--,"Vyttila, Kochi, Kerala","? 7,85,000"
472,Ford Endeavour (2021),Titanium Plus 4X4,0.0 KM,DIESEL,--,"Vyttila, Kochi, Kerala","? 42,00,000"
473,Ford Ecosport (2021),1.5 Petrol Trend Plus AT,0.0 KM,PETROL,--,"Vyttila, Kochi, Kerala","? 11,25,000"
474,Ford Fiesta (2008),2008-2011 1.4 ZXi Limited Edition,115000.0 KM,DIESEL,2nd,"Bharanaganam, Palai, Kerala","? 1,19,000"
475,Ford Ikon (2004),1.3L Rocam Flair,"106,000 KM",PETROL,3rd,"Elamkulam, Kochi, Kerala","? 55,000"
476,Ford Fiesta (2006),2004-2010 1.4 Duratec EXI,"72,000 KM",PETROL,3rd,"Thankalam, Kothamangalam, Kerala","? 1,38,000"
477,Ford Figo (2011),2010-2012 Diesel ZXI,"116,016 KM",DIESEL,1st,"Kochu Kawlla, Vaikom, Kerala","? 1,80,000"
478,Ford Fiesta (2008),2008-2011 1.4 SXi TDCi ABS,"91,000 KM",DIESEL,1st,"Tvm Isro, Thiruvananthapuram, Kerala","? 1,60,000"
479,Ford Fiesta Classic (2011),1.4 Duratorq CLXI,"90,050 KM",DIESEL,2nd,"Devinagar, Kollam, Kerala","? 2,40,000"
480,Ford Ecosport (2018),1.5 Diesel Titanium,40000.0 KM,DIESEL,1st,"Kalamassery, Kochi, Kerala","? 8,80,000"
481,Ford Escort (2016),Sport E 1.6,120000.0 KM,DIESEL,1st,"Puthantharu, Tanalur, Kerala","? 6,20,000"
482,Ford Figo (2011),Duratorq ZXI 1.4,106000.0 KM,DIESEL,1st,"Edappally, Kochi, Kerala","? 1,80,000"
483,Ford Fiesta (2010),EXi 1.6,86273.0 KM,--,3rd,"Palarivattom, Kochi, Kerala","? 1,50,000"
484,Ford Figo (2010),2010-2012 Diesel ZXI,"125,000 KM",DIESEL,2nd,"Almg Coulam, Irinjalakuda, Kerala","? 1,29,000"
485,Ford Fiesta (2007),2004-2010 1.6 ZXI Duratec,"89,000 KM",PETROL,2nd,"Kunnamangalam, Kozhikode, Kerala","? 98,000"
486,Ford Escort (2013),,99000.0 KM,DIESEL,1st,"Edappally, Kochi, Kerala","? 3,99,000"
487,Ford Fiesta (2010),2008-2011 1.4 ZXi TDCi ABS,"119,000 KM",DIESEL,2nd,"Chinnakada, Kollam, Kerala","? 1,85,000"
488,Ford Ecosport (2016),1.5 TDCi Trend Plus BE,"65,000 KM",DIESEL,2nd,"Kallambalam, Alamcode Thiruvananthapuram District, Kerala","? 6,35,000"
489,Ford Figo (2021),Titanium AT,0.0 KM,--,--,"Vyttila, Kochi, Kerala","? 7,85,000"
490,Ford Endeavour (2004),2003-2013 4x2 XLT,111000.0 KM,DIESEL,--,"Railway Station Square, Aluva, Kerala","? 2,85,000"
491,Ford Endeavour (2021),Titanium Plus 4X4,0.0 KM,DIESEL,--,"Vyttila, Kochi, Kerala","? 42,00,000"
492,Ford Ecosport (2020),1.5 Petrol Titanium Plus AT,0.0 KM,PETROL,--,"Vyttila, Kochi, Kerala","? 11,00,000"
493,Ford Figo (2014),2012-2015 Diesel Titanium,"60,000 KM",DIESEL,2nd,"Swadeshabhimani Nagar, Neyyattinkara, Kerala","? 2,50,000"
494,Ford Ecosport (2017),1.5 Diesel Titanium Plus,39400.0 KM,DIESEL,2nd,"Mannarkad 2, Mannarkad I, Kerala","? 8,30,000"
495,Ford Figo (2012),2012-2015 Diesel LXI,94000.0 KM,DIESEL,1st,"Manna, Taliparamba, Kerala","? 2,55,000"
496,Ford Freestyle (2018),Titanium Diesel,8000.0 KM,DIESEL,1st,"Puthanathani, Malappuram, Kerala","? 7,50,000"
497,Ford Figo (2012),2012-2015 Diesel LXI,70000.0 KM,DIESEL,1st,"Iritty, Kannur, Kerala","? 1,79,000"
498,Ford Figo (2016),1.5D Trend MT,"93,000 KM",DIESEL,1st,"Ammanchery, Kottayam, Kerala","? 4,75,000"
499,Ford Figo (2015),Titanium,67000.0 KM,PETROL,1st,"Puthiyangadi, Kozhikode, Kerala","? 3,39,000"
500,Ford Figo (2018),1.5D Titanium MT,"23,800 KM",DIESEL,1st,"Poothole, Thrissur, Kerala","? 6,00,000"
501,Ford Ecosport (2013),1.5 TDCi Titanium Plus,83000.0 KM,DIESEL,2nd,"Kolenchery, Kochi, Kerala","? 4,85,000"
502,Tata Tiago (2020),1.2 Revotron XE,"22,000 KM",PETROL,1st,"Thavalakuzhy, Ettumanoor, Kerala","? 4,80,000"
503,Bmw 1 Series (2010),2013-2015 118d Base,555.0 KM,--,--,"Vyttila, Kochi, Kerala","? 1,00,000"
504,Chevrolet Sail Hatchback (2014),1.2 LS ABS,"75,000 KM",PETROL,2nd,"Piravom, Kochi, Kerala","? 1,80,000"
505,Chevrolet Sail Hatchback (2016),1.2 LS,"60,000 KM",PETROL,1st,"Chundale, Vythiri, Kerala","? 2,00,000"
506,Chevrolet Sail Hatchback (2015),1.2,"68,000 KM",PETROL,2nd,"Sea View Ward, Alappuzha, Kerala","? 2,50,000"
507,Chevrolet Sail Hatchback (2014),Others,"52,000 KM",PETROL,2nd,"Dharavi, Mumbai, Maharashtra","? 1,85,000"
508,Chevrolet Sail Hatchback (2013),Others,"67,000 KM",PETROL,2nd,"Seawoods West, Navi Mumbai, Maharashtra","? 2,10,000"
509,Chevrolet Sail Hatchback (2013),1.2 LS,34980.0 KM,PETROL,1st,"Nigdi, Pune, Maharashtra","? 2,35,000"
510,Chevrolet Sail Hatchback (2013),2012-2013 Petrol LT ABS,"45,000 KM",PETROL,2nd,"Karve Nagar, Pune, Maharashtra","? 2,75,000"
511,Chevrolet Sail Hatchback (2013),1.2 LS,34980.0 KM,PETROL,1st,"Baner, Pune, Maharashtra","? 2,35,000"
512,Chevrolet Sail Hatchback (2017),1.2 LS,"70,000 KM",CNG & HYBRIDS,1st,"Hadapsar, Pune, Maharashtra","? 2,50,000"
513,Maruti Suzuki A-Star (2010),Vxi,93377.0 KM,PETROL,--,"Shanthi Nagar, Hyderabad, Telangana","? 2,30,000"
514,Hyundai Fluidic Verna (2016),1.6 CRDi SX,48942.0 KM,DIESEL,--,"Housing Board Colony, Hyderabad, Telangana","? 7,40,000"
515,Skoda Rapid (2017),1.5 TDI AT Ambition,61031 KM,DIESEL,First,"Begumpet, Secunderabad, Telangana","? 9,50,000"
516,Chevrolet Beat (2012),2010-2013 Diesel LT,72000 KM,DIESEL,Second,"Erragadda, Hyderabad, Telangana","? 2,50,000"
517,Mahindra Bolero (2020),ZLX,15000.0 KM,DIESEL,1st,"Moosapet, Hyderabad, Telangana","? 9,50,000"
518,Skoda Fabia (2009),2008-2010 1.4 MPI Elegance,82000.0 KM,PETROL,2nd,"Old Bowenpally Sri Sai Enclave, Secunderabad, Telangana","? 2,20,000"
519,Volkswagen Polo (2013),1.2 MPI Highline,80000.0 KM,DIESEL,2nd,"Madhapur, Hyderabad, Telangana","? 4,25,000"
520,Maruti Suzuki Swift (2013),VDI,58000.0 KM,DIESEL,1st,"Ameerpet, Hyderabad, Telangana","? 4,40,000"
521,Skoda Octavia (2014),2013-2017 Elegance 2.0 TDI AT,100000.0 KM,DIESEL,1st,"Kukatpally, Hyderabad, Telangana","? 10,50,000"
522,Maruti Suzuki Swift Dzire (2008),VXI,52000.0 KM,PETROL,1st,"Bowenpally Prithivi Enclave, Secunderabad, Telangana","? 2,90,000"
523,Maruti Suzuki Alto 800 (2013),Others,"69,500 KM",PETROL,1st,"Aurora Colony, Hyderabad, Telangana","? 45,000"
524,Maruti Suzuki Ertiga (2019),Others,80000.0 KM,DIESEL,1st,"Sri Nagar Colony, Hyderabad, Telangana","? 10,50,000"
525,Maruti Suzuki Alto 800 (2019),LXI,43681.0 KM,PETROL,--,"Shanthi Nagar, Hyderabad, Telangana","? 3,65,000"
526,Maruti Suzuki Alto 800 (2019),LXI,43681.0 KM,PETROL,--,"Housing Board Colony, Hyderabad, Telangana","? 3,65,000"
527,Ford Ecosport (2014),1.5 Diesel Titanium Plus,102000.0 KM,DIESEL,1st,"Kukatpally, Hyderabad, Telangana","? 4,90,000"
528,Maruti Suzuki Swift (2015),ZDi,"87,000 KM",DIESEL,1st,"Madhapur, Hyderabad, Telangana","? 5,49,999"
529,Maruti Suzuki Baleno (2017),,30858.0 KM,PETROL,--,"Madhapur, Hyderabad, Telangana","? 7,09,000"
530,Maruti Suzuki S-Cross (2017),Alpha 1.3,57076.0 KM,DIESEL,--,"Madhapur, Hyderabad, Telangana","? 8,41,000"
531,Maruti Suzuki Vitara Brezza (2017),ZDi Plus,43076.0 KM,DIESEL,--,"Madhapur, Hyderabad, Telangana","? 9,19,000"
532,Maruti Suzuki Wagon R (2006),1999-2006 LXI BSIII,111725 KM,PETROL,Second,"Kalyan nagar, Hyderabad, Telangana","? 1,40,000"
533,Nissan Sunny (2011),XL,96786 KM,PETROL,Second,"JNTU, Hyderabad, Telangana","? 3,37,500"
534,Bmw 3 Series (2008),320d,"81,000 KM",DIESEL,2nd,"Madhapur, Hyderabad, Telangana","? 7,50,000"
535,Hyundai I10 (2011),,92000.0 KM,PETROL,--,"Madhapur, Hyderabad, Telangana","? 2,60,000"
536,Chevrolet Beat (2013),,90000.0 KM,DIESEL,--,"Madhapur, Hyderabad, Telangana","? 2,00,000"
537,Maruti Suzuki Wagon R (2008),,90000.0 KM,PETROL,--,"Sanjeeva Reddy Nagar, Hyderabad, Telangana","? 1,55,000"
538,Honda Amaze (2015),,68000.0 KM,PETROL,--,"Sanjeeva Reddy Nagar, Hyderabad, Telangana","? 3,20,000"
539,Maruti Suzuki Vitara Brezza (2017),,78000.0 KM,DIESEL,--,"Madhapur, Hyderabad, Telangana","? 6,50,000"
540,Honda City (2016),,91000.0 KM,DIESEL,--,"Madhapur, Hyderabad, Telangana","? 6,50,000"
541,Mahindra Quanto (2014),C8,80000.0 KM,DIESEL,1st,"Madhapur, Hyderabad, Telangana","? 4,45,000"
542,Honda City (2000),1.5 EXi New,86000.0 KM,PETROL,2nd,"Kundanbagh, Hyderabad, Telangana","? 98,000"
543,Chevrolet Spark (2012),LT 1.0 BS-IV OBDII,57000.0 KM,PETROL,1st,"New Bowenpally, Secunderabad, Telangana","? 2,00,000"
544,Tata Venture (2011),GX 7 Str,81000.0 KM,DIESEL,1st,"Bala Nagar, Hyderabad, Telangana","? 3,70,000"
545,Not Available,Not Available,Not Available,Not Available,Not Available,Not Available,Not Available
546,Ford Ecosport (2014),1.0 Ecoboost Titanium Plus,95000.0 KM,DIESEL,1st,"Balkampet, Hyderabad, Telangana","? 5,90,000"
547,Skoda Laura (2006),,100000.0 KM,DIESEL,--,"Ameerpet, Hyderabad, Telangana","? 1,50,000"
548,Toyota Innova Crysta (2018),2.8Z Automatic,75000.0 KM,DIESEL,1st,"Kukatpally, Hyderabad, Telangana","? 21,50,000"
549,Skoda Rapid (2019),Monte Carlo 1.6 MPI AT,29700.0 KM,PETROL,1st,"Begumpet, Hyderabad, Telangana","? 12,75,000"
550,Toyota Innova Crysta (2017),2.8 GX AT,62000.0 KM,DIESEL,1st,"Begumpet, Hyderabad, Telangana","? 17,70,000"
551,Toyota Fortuner (2012),3.0 4x2 Automatic,149000.0 KM,DIESEL,1st,"Begumpet, Hyderabad, Telangana","? 14,95,000"
552,Skoda Rapid (2019),Monte Carlo 1.6 MPI AT,29700.0 KM,PETROL,1st,"Begumpet, Hyderabad, Telangana","? 12,75,000"
553,Toyota Innova Crysta (2017),2.8 GX AT,62000.0 KM,DIESEL,1st,"Begumpet, Hyderabad, Telangana","? 17,70,000"
554,Toyota Fortuner (2012),3.0 4x2 Automatic,149000.0 KM,DIESEL,1st,"Begumpet, Hyderabad, Telangana","? 14,95,000"
555,Not Available,Not Available,Not Available,Not Available,Not Available,Not Available,Not Available
556,Maruti Suzuki 800 (2003),AC BSII,"900,001 KM",PETROL,2nd,"South Park, Hyderabad, Telangana","? 50,000"
557,Mahindra Xylo (2016),D2 Maxx BSIV,232260.0 KM,DIESEL,1st,"Kukatpally, Hyderabad, Telangana","? 4,25,000"
558,Toyota Innova Crysta (2018),2.4 G MT,84380.0 KM,DIESEL,1st,"Kukatpally, Hyderabad, Telangana","? 17,25,000"
559,Nissan Sunny (2012),XV,90754.0 KM,DIESEL,1st,"Ameerpet, Hyderabad, Telangana","? 3,25,000"
560,Maruti Suzuki Swift (2015),VDI,68380.0 KM,DIESEL,1st,"Ameerpet, Hyderabad, Telangana","? 5,85,000"
561,Mahindra Xuv500 (2014),W8 2WD,144993.0 KM,DIESEL,1st,"Kukatpally, Hyderabad, Telangana","? 7,25,000"
562,Chevrolet Beat (2013),LT Opt Petrol,65691.0 KM,PETROL,1st,"Madhapur, Hyderabad, Telangana","? 3,35,000"
563,Volkswagen Vento (2012),1.5 TDI Highline,168301.0 KM,DIESEL,1st,"Madhapur, Hyderabad, Telangana","? 6,00,000"
564,Maruti Suzuki Alto (2008),2005-2010 LXi BSIII,67241.0 KM,PETROL,1st,"Madhapur, Hyderabad, Telangana","? 1,90,000"
565,Bmw 3 Series (2016),320d Luxury Line,26200.0 KM,DIESEL,1st,"Madhapur, Hyderabad, Telangana","? 27,50,000"
566,Hyundai I10 (2011),Sportz,45000.0 KM,PETROL,1st,"Balkampet, Hyderabad, Telangana","? 3,10,000"
567,Maruti Suzuki S-Cross (2017),Zeta 1.3,70000.0 KM,DIESEL,1st,"Ameerpet, Hyderabad, Telangana","? 7,45,000"
568,Audi Q3 (2017),35 TDI Premium + Sunroof,62000.0 KM,DIESEL,1st,"Venktagiri Nagar, Hyderabad, Telangana","? 26,50,000"
569,Volkswagen Polo (2015),GT TSI,63298.0 KM,PETROL,1st,"Madhapur, Hyderabad, Telangana","? 6,80,000"
570,Jeep Compass (2017),2.0 Limited,51000.0 KM,DIESEL,1st,"Ameerpet, Hyderabad, Telangana","? 16,50,000"
571,Maruti Suzuki Alto K10 (2014),VXI,80000.0 KM,PETROL,1st,"Bala Nagar, Hyderabad, Telangana","? 2,85,000"
572,Tata Indica V2 (2004),DLS BSIII,200000.0 KM,DIESEL,2nd,"Moosapet, Hyderabad, Telangana","? 85,000"
573,Maruti Suzuki Omni (2016),8 Seater BSIV,42000.0 KM,PETROL,1st,"Mythri Nagar, Hyderabad, Telangana","? 2,90,000"
574,Maruti Suzuki Zen (2001),D,62000.0 KM,DIESEL,1st,"Kukatpally, Hyderabad, Telangana","? 1,05,000"
575,Force Motors Others (2013),,26000.0 KM,DIESEL,1st,"Mythri Nagar, Hyderabad, Telangana","? 7,75,000"
576,Hyundai Verna (2016),Fluidic 1.6 VTVT SX Opt,98000.0 KM,DIESEL,2nd,"Nirmal Nagar Iswar Nagar, Nagpur, Maharashtra","? 6,51,000"
577,Ford Ecosport (2013),1.5 Diesel Trend Plus,97327.0 KM,DIESEL,3rd,"Jaripatka, Nagpur, Maharashtra","? 4,31,000"
578,Hyundai I20 (2011),2010-2012 1.2 Magna,"70,000 KM",PETROL,1st,"Hansapuri, Nagpur, Maharashtra","? 2,45,000"
579,Tata Safari (2009),DICOR 2.2 VX 4x2,114000.0 KM,DIESEL,2nd,"Bajaj Nagar, Nagpur, Maharashtra","? 2,50,000"
580,Tata Indigo (2007),XL TDI,20000 KM,DIESEL,Fourth,"Shitlamata Chowk, Nagpur, Maharashtra","? 85,000"
581,Hyundai I20 (2009),2009-2011 Asta (o),70000 KM,PETROL,Fourth,"Jaihind Nagar, Nagpur, Maharashtra","? 1,65,000"
582,Hyundai I20 (2010),2009-2011 1.4 Asta (AT),"50,000 KM",PETROL,2nd,"Hansapuri, Nagpur, Maharashtra","? 2,55,000"
583,Hyundai Verna (2007),2006-2009 XXi (Petrol),"88,000 KM",PETROL,1st,"Mohan Nagar, Nagpur, Maharashtra","? 1,20,000"
584,Maruti Suzuki Celerio (2015),2014-2017 ZXI,84000.0 KM,PETROL,1st,"Lohapul Chowk, Nagpur, Maharashtra","? 3,95,000"
585,Maruti Suzuki Wagon R (2000),1999-2006 LX,90000 KM,PETROL,Third,"Kukmani Nagar, Nagpur, Maharashtra","? 50,000"
586,Maruti Suzuki Zen Estilo (2007),1.1 VXI BSIII,85000.0 KM,PETROL,3rd,"Bajaj Nagar, Nagpur, Maharashtra","? 1,10,000"
587,Ford Figo (2012),2010-2012 Diesel Titanium,97000.0 KM,DIESEL,3rd,"Bajaj Nagar, Nagpur, Maharashtra","? 2,90,000"
588,Ford Fiesta (2011),EXi 1.6,68000.0 KM,PETROL,2nd,"Jaripatka, Nagpur, Maharashtra","? 2,11,000"
589,Tata Sumo Gold (2012),Gold EX BSIII,40000.0 KM,DIESEL,1st,"Khare Town, Nagpur, Maharashtra","? 3,50,000"
590,Hyundai Fluidic Verna (2011),1.6 VTVT SX,84000.0 KM,PETROL,2nd,"Jaripatka, Nagpur, Maharashtra","? 3,50,000"
591,Maruti Suzuki Wagon R (2018),VXI AMT,"24,000 KM",PETROL,1st,"Hansapuri, Nagpur, Maharashtra","? 4,90,000"
592,Maruti Suzuki Alto (2007),2005-2010 LX BSIII,"67,000 KM",PETROL,2nd,"Rachana Maruti Nagar, Nagpur, Maharashtra","? 1,20,000"
593,Honda City (2012),V,74000.0 KM,PETROL,1st,"Bajaj Nagar, Nagpur, Maharashtra","? 4,49,000"
594,Toyota Fortuner (2010),2011-2016 4x4 MT,110000.0 KM,DIESEL,1st,"Jaripatka, Nagpur, Maharashtra","? 9,70,000"
595,Maruti Suzuki Swift (2011),DDiS VDI,92536.0 KM,DIESEL,--,"Indora, Nagpur, Maharashtra","? 3,25,000"
596,Hyundai I20 (2009),Petrol Asta,85000.0 KM,PETROL,--,"Raj Nagar Colony, Nagpur, Maharashtra","? 2,25,000"
597,Mahindra Scorpio (2012),2002-2013 M2DI,96000.0 KM,DIESEL,2nd,"Bagadganj, Nagpur, Maharashtra","? 5,51,000"
598,Maruti Suzuki Eeco (2018),5 Seater AC,34000.0 KM,PETROL,1st,"Nandanvan, Nagpur, Maharashtra","? 4,35,000"
599,Maruti Suzuki Ritz (2010),VXi,64000.0 KM,PETROL,1st,"Jaripatka, Nagpur, Maharashtra","? 2,35,000"
600,Volkswagen Vento (2011),1.6 Highline,72000.0 KM,PETROL,2nd,"Civil Lines, Nagpur, Maharashtra","? 3,20,000"
601,Hyundai I20 (2013),1.2 Spotz,45000.0 KM,DIESEL,1st,"Khare Town, Nagpur, Maharashtra","? 4,75,000"
602,Hyundai Elite I20 (2018),Asta 1.2,31000.0 KM,PETROL,2nd,"Sadar Bazaar, Nagpur, Maharashtra","? 6,95,000"
603,Maruti Suzuki Alto (2007),LX,"67,000 KM",PETROL,2nd,"Rachana Maruti Nagar, Nagpur, Maharashtra","? 1,20,000"
604,Toyota Fortuner (2010),2011-2016 4x4 MT,110000.0 KM,DIESEL,1st,"Jaripatka, Nagpur, Maharashtra","? 9,70,000"
605,Honda City (2012),V,74000.0 KM,PETROL,1st,"Bajaj Nagar, Nagpur, Maharashtra","? 4,49,000"
606,Maruti Suzuki Alto (2007),LX,"67,000 KM",PETROL,2nd,"Rachana Maruti Nagar, Nagpur, Maharashtra","? 1,20,000"
607,Hyundai Accent (2005),GLS,78000.0 KM,PETROL,2nd,"Jaripatka, Nagpur, Maharashtra","? 99,000"
608,Mahindra Bolero Power Plus (2014),SLE,82000.0 KM,DIESEL,1st,"Sahyog Nagar, Nagpur, Maharashtra","? 4,75,000"
609,Honda City (2008),ZX,66600.0 KM,PETROL,1st,"Imamwada, Nagpur, Maharashtra","? 2,11,100"
610,Maruti Suzuki Swift Dzire (2014),Zdi BSIV,72476.0 KM,DIESEL,1st,"Jaripatka, Nagpur, Maharashtra","? 5,51,000"
611,Chevrolet Cruze (2012),2012 LTZ AT,76000.0 KM,DIESEL,3rd,"Nirmal Nagar Iswar Nagar, Nagpur, Maharashtra","? 2,95,000"
612,Honda Civic (2007),1.8 S AT,75000.0 KM,PETROL,3rd,"Nagpur GPO, Nagpur, Maharashtra","? 1,85,000"
613,Maruti Suzuki Wagon R 1.0 (2014),1.0 VXi,57000.0 KM,PETROL,1st,"Patel Nagar, Nagpur, Maharashtra","? 3,45,000"
614,Skoda Fabia (2012),2010-2015 1.2 MPI Ambition,50000 KM,PETROL,Second,"Seminary Hill, Nagpur, Maharashtra","? 2,99,999"
615,Hyundai Sonata (2007),,95500.0 KM,DIESEL,2nd,"Imamwada, Nagpur, Maharashtra","? 1,21,000"
616,Honda City (2014),i-VTEC V,52000.0 KM,PETROL,3rd,"Mohan Nagar, Nagpur, Maharashtra","? 4,45,000"
617,Maruti Suzuki Vitara Brezza (2016),ZDi,84000.0 KM,DIESEL,1st,"Dharampeth, Nagpur, Maharashtra","? 8,75,000"
618,Not Available,Not Available,Not Available,Not Available,Not Available,Not Available,Not Available
619,Not Available,Not Available,Not Available,Not Available,Not Available,Not Available,Not Available
620,Honda City (2012),V,74000.0 KM,PETROL,1st,"Bajaj Nagar, Nagpur, Maharashtra","? 4,49,000"
621,Honda Jazz (2016),1.5 V i DTEC,131000.0 KM,DIESEL,1st,"Imamwada, Nagpur, Maharashtra","? 5,50,000"
622,Volkswagen Vento (2012),1.6 Comfortline,68360.0 KM,DIESEL,2nd,"Sona Xerox Building, Samarth Apartment, Gandhi Baug Square, Nagpur, Maharashtra
Get Directions","? 3,10,000"
623,Hyundai I20 (2009),Petrol Asta,85000.0 KM,PETROL,--,"Bajaj Nagar, Nagpur, Maharashtra","? 2,25,000"
624,Mahindra Scorpio (2012),2002-2013 M2DI,96000.0 KM,DIESEL,2nd,"Bagadganj, Nagpur, Maharashtra","? 5,51,000"
625,Hyundai Verna (2012),2011-2014 1.6 VTVT,56000.0 KM,PETROL,2nd,"Jaripatka, Nagpur, Maharashtra","? 3,90,000"
626,Toyota Innova (2013),2.5 EV Diesel PS 8 Seater BSIII,"145,000 KM",DIESEL,2nd,"Manesha Nagar, Thane, Maharashtra","? 7,50,000"
627,Mahindra Jeep (2007),Others,"200,000 KM",DIESEL,2nd,"Jamalsha Colony, Sillod, Maharashtra","? 3,20,000"
628,Maruti Suzuki Wagon R (2009),2006-2010 LXI Minor,"80,000 KM",PETROL,2nd,"Mahajan Layout, Nagpur, Maharashtra","? 2,00,000"
629,Bmw 5 Series (2009),520d Luxury Line,59357.0 KM,DIESEL,1st,"Chembur, Mumbai, Maharashtra","? 7,75,000"
630,Tata Bolt (2015),Revotron XM,"75,000 KM",DIESEL,1st,"Varvade, Shirpur, Maharashtra","? 4,20,000"
631,Maruti Suzuki Swift Dzire (2013),Zdi BSIV,"110,000 KM",DIESEL,1st,"Audyogik Nagar, Kolhapur, Maharashtra","? 5,40,000"
632,Hyundai I20 (2015),e 2014-2015 Asta 1.4 CRDi,"70,000 KM",DIESEL,2nd,"Mumbai Central, Mumbai, Maharashtra","? 5,50,000"
633,Hyundai I20 (2014),2012-2014 Sportz 1.4 CRDi,"120,000 KM",DIESEL,2nd,"Pir Sayad Muradali Shah Baba Chowk, Nashik, Maharashtra","? 4,20,000"
634,Mahindra Bolero (2014),2001-2010 SLX 2WD BSIII,"50,000 KM",DIESEL,3rd,"Khandewala Market, Amravati, Maharashtra","? 4,30,000"
635,Honda Jazz (2011),1.2 S i VTEC,55000.0 KM,PETROL,3rd,"Jaripatka, Nagpur, Maharashtra","? 2,61,000"
636,Maruti Suzuki Wagon R (2019),ZXI 1.2,9602.0 KM,PETROL,1st,"Andheri West, Mumbai, Maharashtra","? 5,75,000"
637,Maruti Suzuki Wagon R (2010),2010-2012 LXI CNG,90000 KM,CNG,Second,"Kashimira, Mumbai, Maharashtra","? 1,95,000"
638,Hyundai I20 (2010),2009-2011 Magna,120000 KM,PETROL,Second,"Mane Gaon, Savner, Maharashtra","? 2,25,000"
639,Maruti Suzuki Swift (2015),VDI,52000.0 KM,DIESEL,1st,"Kalyan, Thane, Maharashtra","? 5,25,000"
640,Ford Endeavour (2018),3.2 Titanium AT 4X4,135000.0 KM,DIESEL,1st,"Dahisar East, Mumbai, Maharashtra","? 28,00,000"
641,Toyota Fortuner (2019),2.8 2WD MT,80000.0 KM,DIESEL,1st,"Dahisar East, Mumbai, Maharashtra","? 32,00,000"
642,Maruti Suzuki A-Star (2012),Lxi,31328.0 KM,PETROL,1st,"Chembur, Mumbai, Maharashtra","? 2,25,000"
643,Maruti Suzuki Swift (2007),2004-2010 1.3 VXi,58932.0 KM,PETROL,2nd,"Chembur, Mumbai, Maharashtra","? 1,60,000"
644,Maruti Suzuki Swift (2007),2004-2010 1.3 VXi,58932.0 KM,PETROL,2nd,"Chembur, Mumbai, Maharashtra","? 1,60,000"
645,Mercedes-Benz Gla Class (2018),200 d Sport,26000.0 KM,DIESEL,1st,"Santacruz West, Mumbai, Maharashtra","? 26,95,000"
646,Maruti Suzuki Omni (2009),Others,"111,000 KM",PETROL,3rd,"Kotbhag, Walwa, Maharashtra","? 1,60,000"
647,2011 Volkswagen Polo,COMFORTLINE 1.2L PETROL Manual,"15,000 km",Petrol,2nd Owner,Not Available,"?2,81,699"
648,2016 Hyundai Grand i10,SPORTZ 1.2 KAPPA VTVT Manual,"17,539 km",Petrol,1st Owner,MUMBAI,"?4,84,899"
649,2016 Hyundai Grand i10,Magna 1.2 AT VTVT Automatic,"53,486 km",Petrol,2nd Owner,MUMBAI,"?4,17,499"
650,2012 Maruti Swift Dzire,VDI BS IV Manual,"53,886 km",Diesel,1st Owner,MUMBAI,"?4,55,799"
651,2010 Honda City,S MT PETROL Manual,"67,564 km",Petrol,3rd Owner,MUMBAI,"?3,80,999"
652,2013 Hyundai i10,SPORTZ 1.2 AT KAPPA2 Automatic,"40,119 km",Petrol,1st Owner,MUMBAI,"?3,92,199"
653,2014 Maruti Swift,VXI Manual,"15,990 km",Petrol,1st Owner,MUMBAI,"?4,24,099"
654,2017 Maruti IGNIS,DELTA 1.2 K12 Manual,"40,132 km",Petrol,1st Owner,MUMBAI,"?4,58,599"
655,2012 Maruti Swift,VXI Manual,"41,008 km",Petrol,1st Owner,MUMBAI,"?3,88,799"
656,2014 Maruti Alto K10,LXI Manual,"37,168 km",Petrol,3rd Owner,MUMBAI,"?1,83,199"
657,2017 Maruti Baleno,DELTA 1.2 K12 Manual,"18,926 km",Petrol,1st Owner,MUMBAI,"?5,93,899"
658,2017 Maruti IGNIS,ALPHA 1.2 K12 Manual,"22,524 km",Petrol,1st Owner,MUMBAI,"?4,99,099"
659,2012 Maruti Swift,VXI Manual,"41,008 km",Petrol,1st Owner,,"?3,88,799"
660,2017 Renault Kwid,CLIMBER 1.0 AT Manual,"32,368 km",Petrol,1st Owner,MUMBAI,"?3,97,399"
661,2016 Hyundai Grand i10,Magna 1.2 AT VTVT Automatic,"53,486 km",Petrol,2nd Owner,MUMBAI,"?4,17,499"
662,2015 Volkswagen Vento,HIGHLINE 1.2 TSI AT,"73,924 km",Petrol,2nd Owner,MUMBAI,"?4,49,499"
663,2013 Hyundai i10,SPORTZ 1.2 AT KAPPA2 Automatic,"40,119 km",Petrol,1st Owner,MUMBAI,"?3,92,199"
664,2016 Hyundai Grand i10,1.2 ASTA (O) AT Automatic,"12,527 km",Petrol,1st Owner,MUMBAI,"?5,47,599"
665,2015 Hyundai Grand i10,ASTA 1.2 (O) VTVT Manual,"83,855 km",Petrol,1st Owner,MUMBAI,"?4,10,499"
666,2017 Maruti Alto 800,LXI Manual,"9,899 km",Petrol,1st Owner,,"?3,02,299"
667,2015 Maruti Wagon R 1.0,VXI Manual,"30,131 km",Petrol,1st Owner,MUMBAI,"?3,33,699"
668,2017 Maruti Alto 800,LXI Manual,"9,899 km",Petrol,1st Owner,MUMBAI,"?3,02,299"
669,2020 Maruti S PRESSO,VXI Manual,"8,484 km",Petrol,1st Owner,MUMBAI,"?4,68,999"
670,2020 Maruti S PRESSO,VXI Manual,"8,484 km",Petrol,1st Owner,MUMBAI,"?4,68,999"
671,2017 Maruti IGNIS,DELTA 1.2 K12 Manual,"40,132 km",Petrol,1st Owner,MUMBAI,"?4,58,599"
672,2017 Maruti IGNIS,DELTA 1.2 K12 Manual,"40,132 km",Petrol,1st Owner,MUMBAI,"?4,58,599"
673,2020 Maruti S PRESSO,VXI Manual,"8,484 km",Petrol,1st Owner,MUMBAI,"?4,68,999"
674,2013 Maruti Swift Dzire,VDI BS IV Manual,"1,09,740 km",Diesel,1st Owner,MUMBAI,"?4,49,099"
675,2016 Hyundai Grand i10,Magna 1.2 AT VTVT Automatic,"53,486 km",Petrol,2nd Owner,MUMBAI,"?4,17,499"
676,2017 Maruti Alto 800,LXI Manual,"9,899 km",Petrol,1st Owner,MUMBAI,"?3,02,299"
677,2017 Maruti Alto 800,LXI Manual,"20,379 km",Petrol,1st Owner,MUMBAI,"?3,06,799"
678,2016 Maruti Wagon R 1.0,VXI AMT Automatic,"20,667 km",Petrol,1st Owner,MUMBAI,"?4,36,599"
679,2010 Hyundai i10,MAGNA 1.2 Manual,"35,915 km",Petrol,1st Owner,,"?2,53,799"
